class_name,start,length,label,split,set
Parate_song,0.0,0.365714286,10,train,all_classes
Gargla_call,0.2728344669999999,0.429569161,11,train,all_classes
Turmer_song,1.938866213,1.08553288,13,train,all_classes
Fricoe_song,0.7430385490000001,0.5630839,12,train,all_classes
Gargla_call,3.0127891160000004,0.470204082,11,train,all_classes
Siteur_song,3.825487528,1.178412699,14,test,all_classes
Parate_song,0.0,0.365714286,8,train,bird_classes
Fricoe_song,0.7430385490000001,0.5630839,10,train,bird_classes
Gargla_call,0.2728344669999999,0.429569161,9,train,bird_classes
Turmer_song,1.938866213,1.08553288,11,train,bird_classes
Gargla_call,3.0127891160000004,0.470204082,9,test,bird_classes
Siteur_song,3.825487528,1.178412699,12,test,bird_classes
Turmer_song,1.938866213,1.08553288,6,train,bird_species
Parate_song,0.0,0.365714286,2,train,bird_species
Fricoe_song,0.7430385490000001,0.5630839,9,train,bird_species
Gargla_call,0.2728344669999999,0.429569161,8,train,bird_species
Gargla_call,3.0127891160000004,0.470204082,8,test,bird_species
Siteur_song,3.825487528,1.178412699,10,test,bird_species
