label,name,train,test,recall,precision,predicted,top_confusion,top_confusion_n
0,Butbut_call,18,6,0.0,0.0,0,Turphi_song,2
1,Erirub_call,37,12,0.0,0.0,0,Prumod_song,8
2,Parate_call,23,8,0.125,0.5,2,Prumod_song,3
3,Sylmel_song,141,47,0.809,0.623,61,Sylmel_call,5
4,Sylcan_song,211,71,0.944,0.728,92,Galthe_song,2
5,Petpet_song,34,12,0.0,0.0,3,Sylcan_song,8
6,Turmer_call,36,12,0.083,0.25,4,Prumod_song,7
7,Prumod_song,33,11,0.818,0.273,33,Erirub_song,2
8,Tetpyg_song,22,7,1.0,0.389,18,,0
9,Phofem_song,32,11,0.0,0.0,0,Lularb_song,6
10,Parate_song,89,30,0.367,0.423,26,Cerbra_song,7
11,Gargla_call,11,4,0.0,0.0,0,Siteur_song,2
12,Fricoe_song,43,14,0.0,0.0,0,Erirub_song,5
13,Turmer_song,14,4,0.25,0.2,5,Prumod_song,1
14,Siteur_song,24,8,0.0,0.0,7,Turphi_song,2
15,Galthe_call,11,4,0.25,1.0,1,Serser_song,3
16,Carcan_song,79,26,0.731,0.594,32,Serser_song,7
17,Cerbra_call,23,7,0.571,0.8,5,Serser_song,2
18,Pasdom_call,66,22,0.682,0.714,21,Tibtom_song,3
19,Embcir_song,48,16,0.625,0.909,11,Tetpyg_song,3
20,Sylund_song,160,54,0.889,0.906,53,Galthe_song,6
21,Carcan_call,70,23,0.783,0.75,24,Carcan_song,3
22,Aegcau_call,24,8,0.0,0.0,0,Pasdom_call,3
23,Parcae_call,66,22,0.682,0.429,35,Corcor_call,3
24,Corcor_call,14,5,0.4,0.2,10,Pasdom_call,2
25,Cetcet_song,109,36,0.611,0.759,29,Lusmeg_song,7
26,Parmaj_call,30,10,0.3,0.429,7,Tetpyg_song,3
27,Hirrus_call,16,5,0.0,0.0,0,Lusmeg_song,2
28,Oriori_song,36,12,0.083,0.5,2,Carcar_song,5
29,Carcar_song,130,43,0.953,0.719,57,Lyrple_song,2
30,Sylmel_call,174,58,0.655,0.809,47,Sylmel_song,12
31,Picpic_call,39,13,0.077,1.0,1,Carcar_song,7
32,Serser_song,34,11,0.909,0.164,61,Cetcet_song,1
33,Turphi_call,11,3,0.0,0.0,0,Serser_song,2
34,Lusmeg_song,86,29,0.552,0.593,27,Lularb_song,5
35,Galthe_song,103,35,0.771,0.5,54,Serser_song,6
36,Turphi_song,76,26,0.462,0.261,46,Prumod_song,3
37,Regign_song,67,23,0.174,0.444,9,Sylmel_song,6
38,Sylund_call,20,7,0.0,0.0,0,Sylund_song,5
39,Lopcri_call,39,13,0.385,0.5,10,Erirub_song,5
40,Phycol_call,9,3,0.0,0.0,0,Sylmel_call,1
41,Anttri_song,82,27,0.556,0.625,24,Erirub_song,6
42,Sylcan_call,93,31,0.0,0.0,0,Galthe_song,11
43,Sylatr_call,82,28,0.929,0.867,30,Turmer_call,1
44,Erirub_song,63,21,1.0,0.226,93,,0
45,Tibtom_song,9,3,0.0,0.0,8,Sylmel_song,2
46,Lusmeg_call,32,11,0.273,0.75,4,Sylmel_call,3
47,Alaarv_song,124,41,0.902,0.725,51,Lyrple_song,4
48,Oriori_call,12,4,0.25,1.0,1,Oriori_song,1
49,Pelgra_call,26,8,0.5,0.444,9,Ptehey_song,3
50,Trotro_song,93,31,0.742,0.852,27,Parmaj_song,4
51,Cerbra_song,18,6,0.5,0.273,11,Siteur_call,2
52,Pyrpyr_call,18,6,0.0,0.0,0,Parate_song,2
53,Strdec_song,24,8,0.5,0.571,7,Parmaj_call,2
54,Cicatr_song,7,2,0.0,0.0,1,Carcar_song,1
55,Plasab_song,8,3,0.333,0.2,5,Galcri_call,2
56,Galcri_call,31,11,0.636,0.778,9,Plasab_song,4
57,Lularb_song,162,54,0.926,0.61,82,Alaarv_song,4
58,Petpet_call,34,11,0.727,0.8,10,Sylcan_song,3
59,Ptehey_song,17,5,0.4,0.2,10,Pelgra_call,3
60,Phycol_song,44,15,0.0,0.0,5,Erirub_song,8
61,Plaaff_song,12,4,0.75,1.0,3,Lyrple_song,1
62,Lyrple_song,11,4,0.25,0.071,14,Motcin_call,1
63,Colpal_song,32,10,0.2,0.4,5,Erirub_song,6
64,Cisjun_song,21,7,0.0,0.0,1,Tibtom_song,4
65,Denmaj_drum,17,5,0.0,0.0,0,Erirub_song,3
66,Loxcur_call,52,17,0.529,1.0,9,Corcor_call,4
67,Embcir_call,30,10,0.0,0.0,0,Serser_song,5
68,Parmaj_song,99,33,0.576,0.404,47,Turphi_song,4
69,Parcae_song,61,21,0.048,1.0,1,Parmaj_song,17
70,Fricoe_call,19,6,0.0,0.0,0,Erirub_song,5
71,Jyntor_song,15,5,0.2,0.2,5,Serser_song,4
72,Sylatr_song,49,16,0.375,0.5,12,Parcae_call,4
73,Serser_call,15,5,0.2,1.0,1,Cetcet_song,3
74,Galcri_song,43,15,0.667,1.0,10,Alaarv_song,4
75,Siteur_call,17,5,0.8,0.4,10,Trotro_song,1
76,Carcar_call,77,26,0.769,0.952,21,Lyrple_song,3
77,Musstr_call,17,6,1.0,1.0,6,,0
78,Regign_call,26,8,0.0,0.0,1,Erirub_song,3
79,Strtur_song,23,8,1.0,0.727,11,,0
80,Poepal_call,35,12,0.0,0.0,0,Turphi_song,9
81,Motcin_call,61,20,0.25,0.714,7,Parcae_call,5
82,Poepal_song,35,12,0.167,0.286,7,Phycol_song,5
83,Stuvul_call,14,5,0.0,0.0,0,Sylcan_song,2
84,Cicorn_song,8,3,0.667,0.25,8,Motcin_call,1
85,Denmaj_call,19,6,0.0,0.0,0,Erirub_song,5
86,Chlchl_call,15,5,0.8,0.333,12,Lyrple_song,1
