,duration_s,rms,crest_factor,dynamic_range_db,silence_ratio,zero_crossing_rate,spectral_centroid_hz,spectral_bandwidth_hz,spectral_rolloff85_hz,spectral_flatness,skewness,kurtosis_excess
duration_s,1.0,0.10265351038633168,0.34055591238287625,0.34055591238287625,0.07482675162478561,0.20288253699169922,0.13516389390373,0.029116505762578397,0.09007642073680294,0.059988325122493594,-0.0036308681275511543,0.3428426529169895
rms,0.10265351038633168,1.0,0.22798738725658985,0.22798738725658985,-0.7445830625764744,-0.22260175589668146,-0.6004384356393482,-0.7924158104106241,-0.7095905968128662,-0.8022053015580264,0.005863057732482122,0.3564919303250242
crest_factor,0.34055591238287625,0.22798738725658985,1.0,1.0,0.10459361355304357,0.1678780924606357,-0.023859058628947716,-0.15583814569069515,-0.07122418477396945,-0.10007941400655206,0.0944025892327332,0.8753367432111262
dynamic_range_db,0.34055591238287625,0.22798738725658985,1.0,1.0,0.10459361355304357,0.1678780924606357,-0.023859058628947716,-0.15583814569069515,-0.07122418477396945,-0.10007941400655206,0.0944025892327332,0.8753367432111262
silence_ratio,0.07482675162478561,-0.7445830625764744,0.10459361355304357,0.10459361355304357,1.0,0.15916927097507677,0.4997423388111993,0.5968400976150289,0.5758347471311531,0.6226645312982068,0.07750347383324101,0.0357093095606606
zero_crossing_rate,0.20288253699169922,-0.22260175589668146,0.1678780924606357,0.1678780924606357,0.15916927097507677,1.0,0.8006788893855417,0.5582951445864173,0.7201452859046035,0.619423788695276,-0.05010404577246797,0.025753499494773017
spectral_centroid_hz,0.13516389390373,-0.6004384356393482,-0.023859058628947716,-0.023859058628947716,0.4997423388111993,0.8006788893855417,1.0,0.7756356987099395,0.9225842984891733,0.8580032513623717,0.0023021668907447406,-0.16740932571156955
spectral_bandwidth_hz,0.029116505762578397,-0.7924158104106241,-0.15583814569069515,-0.15583814569069515,0.5968400976150289,0.5582951445864173,0.7756356987099395,1.0,0.9262344792619397,0.9261923025869903,-0.024200214534689738,-0.3365689952933957
spectral_rolloff85_hz,0.09007642073680294,-0.7095905968128662,-0.07122418477396945,-0.07122418477396945,0.5758347471311531,0.7201452859046035,0.9225842984891733,0.9262344792619397,1.0,0.9275129747469595,-0.002970778258671656,-0.24472618503558688
spectral_flatness,0.059988325122493594,-0.8022053015580264,-0.10007941400655206,-0.10007941400655206,0.6226645312982068,0.619423788695276,0.8580032513623717,0.9261923025869903,0.9275129747469595,1.0,-0.01227684624668318,-0.27586828558213733
skewness,-0.0036308681275511543,0.005863057732482122,0.0944025892327332,0.0944025892327332,0.07750347383324101,-0.05010404577246797,0.0023021668907447406,-0.024200214534689738,-0.002970778258671656,-0.01227684624668318,1.0,0.1026056198139091
kurtosis_excess,0.3428426529169895,0.3564919303250242,0.8753367432111262,0.8753367432111262,0.0357093095606606,0.025753499494773017,-0.16740932571156955,-0.3365689952933957,-0.24472618503558688,-0.27586828558213733,0.1026056198139091,1.0
