n,mean,std,variance,skewness,kurtosis_excess,min,p25,median,p75,max,iqr,cv,split,feature
687,4.225933253456647,1.1497137190619042,1.3218416357991554,-1.0946155650454128,-0.2651866682298447,1.0158730158730158,3.0679365079365084,5.00390022675737,5.00390022675737,5.00390022675737,1.9359637188208616,0.27206149508430677,train,duration_s
687,0.003520160515974035,0.029691131444633027,0.0008815632864624762,22.444595235491125,544.8464560878896,0.0003013652060433,0.0004604298641131,0.0008628018857479,0.00181191445270545,0.7379289291066162,0.0013514845885923498,8.434595896948023,train,rms
687,8.276159860117186,8.967031347541369,80.40765118778957,9.125469419477433,114.77404544709178,1.3551440532500385,4.985792220136393,6.301206628469348,8.754396774749958,150.3539071579576,3.7686045546135656,1.0834773009585632,train,crest_factor
687,16.861431466454206,4.230329783921255,17.895690080731256,1.7597038776002385,5.95429284335677,2.639709272567095,13.954681271680283,15.988474423702929,18.844513237508888,43.54229436673447,4.889831965828606,0.250887938686433,train,dynamic_range_db
687,0.3239333341474434,0.18968045892516197,0.03597867649806006,0.5953273245819622,0.10686490510035451,0.0116643706496519,0.14834460194315546,0.3014496991978609,0.4915787046565875,0.9972493111948956,0.343234102713432,0.5855539980915514,train,silence_ratio
687,0.21900142055643698,0.08493879511101886,0.00721459891491164,-0.4171976751915437,0.2069868186637116,0.0048669739113884,0.19523995179115056,0.2326449782708194,0.2625623281913995,0.5473306415432929,0.06732237640024896,0.387845863717263,train,zero_crossing_rate
687,4769.849591905158,2516.2724611542544,6331627.098763289,-0.059401515484960685,1.4005132089681354,31.95290590706757,3056.803769339347,5350.049250749133,6606.145711779372,19017.24630264802,3549.3419424400245,0.5275370664568928,train,spectral_centroid_hz
687,4354.881730835437,1614.1588070077805,2605508.6542407814,-0.5546502409407922,-0.7179571532456501,335.15559389842275,3237.511514523326,4577.7545783035175,5828.387081348141,7712.129492472698,2590.875566824815,0.3706550273405752,train,spectral_bandwidth_hz
687,0.2450650147821433,0.1528116889220034,0.023351412271195134,-0.15314432158546298,-1.4247891432581756,0.0007113258273096,0.09820770485984395,0.2544090732461179,0.3950657556949059,0.4832626569156932,0.2968580508350619,0.6235557085039216,train,spectral_flatness
687,-0.052869476937463245,1.9426696303653013,3.773965292743656,-23.95560168826406,604.8719859084242,-49.3937668614383,-0.0101274818011239,0.0030466540104771,0.02037645875705385,3.872686422869836,0.03050394055817775,-36.74463495568892,train,skewness
687,22.256649296683065,248.82287310012057,61912.822177798706,17.992092431423046,357.69239689027245,-1.4015478857008383,0.11962482130000171,0.7399066356582495,3.4361780296435316,5452.990090091264,3.31655320834353,11.179709478425531,train,kurtosis_excess
1000,4.172521360544216,1.125128183054195,1.2659134283028342,-0.8989191336741092,-0.6988711415596986,1.0042630385487528,3.006984126984127,5.00390022675737,5.00390022675737,5.00390022675737,1.9969160997732431,0.269651868937933,test,duration_s
1000,0.0033659436846387547,0.02244685178792155,0.0005038611551889169,26.961031799966637,796.5966465763053,0.000299024431323,0.000532207703442075,0.0010996304961932001,0.0020092674558706,0.6741066763667733,0.0014770597524285248,6.668813827861362,test,rms
1000,7.733720576262499,6.1162313558760415,37.408285998601286,6.2503770684838065,52.20201280066939,1.483444735171132,5.01077168770081,6.410277729787101,8.422084791666293,77.70006046419253,3.411313103965483,0.7908523841227081,test,crest_factor
1000,16.652484224338288,3.810952867311509,14.523361756869814,1.5882711989616076,4.962642774117241,3.4254274315635773,13.998080127818398,16.137536900895746,18.508392186816053,37.80842713515727,4.5103120589976555,0.22885191278197672,test,dynamic_range_db
1000,0.3017407773627055,0.18313240477888096,0.0335374776800959,0.6640775384783557,-0.06524998897515477,0.0151854335846867,0.13677926701256166,0.2718325841067285,0.46932324898491873,0.9943514384920636,0.33254398197235707,0.6069196426797425,test,silence_ratio
1000,0.20679039779518163,0.09128536872617489,0.008333018543473708,-0.13529282265449452,-0.13794571985144088,0.0047854045162255,0.14095644647461605,0.2196251359294062,0.2604052985960348,0.4973331339414785,0.11944885212141873,0.44143910790572455,test,zero_crossing_rate
1000,4415.320992981041,2554.6234005034116,6526100.718399614,-0.051111400150060535,-0.031410026481863085,39.44618175539865,2206.780528291589,4917.379403083283,6428.1751651516015,16516.300537996303,4221.394636860013,0.5785815809460857,test,spectral_centroid_hz
1000,3956.0920145644714,1656.293761450119,2743309.024218584,-0.3232055244180959,-0.76846869945404,89.83648176940436,2734.925106265224,4086.7892906767283,5410.417331094774,8440.841688144363,2675.4922248295507,0.4186691703207165,test,spectral_bandwidth_hz
1000,0.2126123196834848,0.14969098104042813,0.022407389804845815,0.14916823203433063,-1.381052899388097,5.034632036378085e-05,0.06602180824218265,0.20271176111061606,0.3582691140410472,0.4991439412989497,0.2922473057988646,0.7040560079645082,test,spectral_flatness
1000,-0.037542446013406894,1.9044420991959494,3.6268997091898747,-30.284209175347808,940.1490741152229,-59.355237577658656,-0.01215698828893575,0.0020932740164695497,0.019375036512346677,2.6280252208232584,0.03153202480128243,-50.727704276803074,test,skewness
1000,12.863417476040253,162.0123650522581,26248.006429826146,24.558982326152574,652.0955654828667,-1.350339046462028,0.16435750773845498,0.7443218172976993,3.579030972295254,4567.56763777464,3.414673464556799,12.594815130118159,test,kurtosis_excess
1687,4.194272380360957,1.1351685929347641,1.2886077343854923,-0.979569888229062,-0.5234214245982951,1.0042630385487528,3.0127891156462585,5.00390022675737,5.00390022675737,5.00390022675737,1.9911111111111115,0.27064732329975005,all,duration_s
1687,0.003428745678193786,0.025636839985754493,0.0006572475644551805,24.903381823381594,676.1124268650998,0.000299024431323,0.00048528318532015005,0.0010060989662253,0.00192222178002685,0.7379289291066162,0.0014369385947067,7.477031658778383,all,rms
1687,7.954619087233555,7.41301276664777,54.95275827848283,8.690056845428735,115.55978475340133,1.3551440532500385,4.995465917167907,6.333318624568366,8.548612018188306,150.3539071579576,3.553146101020399,0.9319129785290393,all,crest_factor
1687,16.737574180078443,3.9871576986229393,15.897426513688172,1.684398953764668,5.589160237405261,2.639709272567095,13.97151989688414,16.032626752212135,18.637911332642304,43.54229436673447,4.666391435758165,0.2382159837336866,all,dynamic_range_db
1687,0.3107782915957316,0.1860908938549601,0.03462982077573803,0.6374651028216428,0.014107599454061148,0.0116643706496519,0.14271860498839906,0.2807177017819706,0.4751275544672775,0.9972493111948956,0.33240894947887845,0.5987898733191825,all,silence_ratio
1687,0.21176311423678357,0.08893271989531981,0.007909028667979413,-0.24849092378837814,-0.03563074119024323,0.0047854045162255,0.16123255619419224,0.2244110009924276,0.2612305196423635,0.5473306415432929,0.09999796344817125,0.4199632226596338,all,zero_crossing_rate
1687,4559.696302679245,2544.299793173774,6473461.43754411,-0.05697288265945437,0.5254739565952775,31.95290590706757,2412.6411368589697,5106.077028042048,6538.843014738219,19017.24630264802,4126.201877879249,0.5579976437638537,all,spectral_centroid_hz
1687,4118.491857527218,1650.4623959914725,2724026.1205819123,-0.41281847141822436,-0.7726766387411295,89.83648176940436,2906.266156579669,4278.320644236216,5592.023074132042,8440.841688144363,2685.756917552373,0.40074436300632293,all,spectral_bandwidth_hz
1687,0.22582808822692188,0.15176490087133462,0.023032585136486025,0.02792546801070669,-1.429870046102637,5.034632036378085e-05,0.07695548024687415,0.2274569167503791,0.375559326974813,0.4991439412989497,0.2986038467279388,0.6720373097204572,all,spectral_flatness
1687,-0.04378409998188746,1.9195424811880413,3.684643337085542,-27.619964111828136,797.4491928381476,-59.355237577658656,-0.01147301987586945,0.0023693250139177,0.0198788069371884,3.872686422869836,0.03135182681305785,-43.84108573619452,all,skewness
1687,16.688639918708667,201.90358274461147,40765.05672511017,21.24259435675171,497.03768621832336,-1.4015478857008383,0.1439402621208796,0.7440691044981822,3.508364234018778,5452.990090091264,3.3644239718978985,12.09826467154277,all,kurtosis_excess
