feature,distribution,params,log_likelihood,aic,ks_stat,ks_p
event_duration_s,lognormal,"[0.9585391931215944, -0.00020163416187332135, 0.10046122251843735]",5321.025896322402,-10636.051792644805,0.061735344840716855,1.4125927320340007e-19
event_duration_s,gamma,"[0.8768638317663646, 2.2675242784369576e-05, 0.22365194710285774]",3689.387298779554,-7372.774597559108,0.17213614754620676,4.272724017351421e-150
event_duration_s,exponential,"[2.2676e-05, 0.19539451633385285]",3654.042335589853,-7304.084671179706,0.18466961203796395,7.408433116089259e-173
event_duration_s,normal,"[0.19541719233385285, 0.4550780680450593]",-3647.791666230172,7299.583332460344,0.34493504772103173,0.0
event_duration_s,weibull_min,"[0.8198998346292184, 0.0029024939999999994, 0.16416759814692988]",-inf,inf,0.1488038432805589,4.359638690255719e-112
event_duration_s[bird],lognormal,"[0.8694902299090078, -0.00034101856711349414, 0.09447465203348977]",5703.079814865822,-11400.159629731645,0.042411731882416315,1.0914249686470304e-08
event_duration_s[bird],exponential,"[2.2676e-05, 0.14938881152263686]",4757.450101152393,-9510.900202304785,0.12430813836525519,1.4737452099155518e-71
event_duration_s[bird],weibull_min,"[0.8506748806741201, 2.2675999999999998e-05, 0.10367687909759357]",4466.538731799235,-8927.07746359847,0.23006210283553608,4.104313434435143e-246
event_duration_s[bird],gamma,"[0.5768157416263942, 2.2675999999999998e-05, 0.2351738470420018]",4057.322117402561,-8108.644234805122,0.2673681965810488,0.0
event_duration_s[bird],normal,"[0.14941148752263686, 0.22029607884789165]",495.40401363905505,-986.8080272781101,0.27130685320478465,0.0
event_duration_s[insect],gamma,"[0.4562588180153206, 0.025396824999999998, 3.2160748776676122]",-163.4671444920966,332.9342889841932,0.18275854111382184,2.204979121157795e-05
event_duration_s[insect],weibull_min,"[0.5510552975524179, 0.025396824999999998, 1.0141089427847554]",-176.6622621383857,359.3245242767714,0.1818828005723151,2.4598399000649947e-05
event_duration_s[insect],lognormal,"[2.3960796796975337, 0.025077271876580574, 0.3832560228823135]",-224.06503091850786,454.1300618370157,0.16272525450721176,0.0002353487811565158
event_duration_s[insect],exponential,"[0.025396825, 1.6441194259940475]",-251.5304295074364,507.0608590148728,0.2650672639451296,6.572604186562015e-11
event_duration_s[insect],normal,"[1.6695162509940475, 1.7701872928100324]",-334.32401340900134,672.6480268180027,0.21672173066785716,2.0872291376168557e-07
