file_number,has_annotation_file,annotation_file_empty,file_duration_s,n_events,n_distinct_labels,n_distinct_species_labels,has_unknown,has_human,annotated_duration_s,annotated_fraction,labels
1,True,False,5.0039,9,4,3,True,False,1.243718821,0.2485498952816803,Butbut_call;Erirub_call;Parate_call;Unknown
2,True,False,5.0039,8,1,1,False,False,0.61968254,0.12383991286796299,Sylmel_song
3,True,False,5.0039,21,2,2,False,False,2.4235827690000002,0.4843387695597435,Petpet_song;Sylcan_song
4,True,False,5.0039,9,3,3,False,False,4.597551022,0.9187935454345612,Erirub_call;Prumod_song;Turmer_call
5,True,False,5.0039,9,3,3,False,False,3.710839001,0.741589360498811,Erirub_call;Prumod_song;Turmer_call
6,True,False,2.6877,6,2,2,False,False,2.8917913850000003,1.0,Phofem_song;Tetpyg_song
7,True,False,5.0039,7,6,5,False,True,5.799183674999999,1.0,Fricoe_song;Gargla_call;Human;Parate_song;Siteur_song;Turmer_song
8,True,False,5.0039,3,1,1,False,False,0.39619047599999996,0.07917633765662782,Galthe_call
9,True,True,5.0039,0,0,0,False,False,0.0,0.0,
10,True,False,4.911,10,1,1,False,False,1.416417235,0.2884172744858481,Carcan_song
11,True,False,3.4366,9,3,2,True,False,1.676190474,0.4877467479485538,Cerbra_call;Pasdom_call;Unknown
12,True,False,5.0039,6,5,5,False,False,5.671473924,1.0,Embcir_song;Gargla_call;Parate_song;Siteur_song;Turmer_song
13,True,False,5.0039,21,1,1,False,False,1.191655329,0.23814531245628412,Sylund_song
14,True,False,5.0039,16,3,2,True,False,2.432653061,0.48615141409700435,Aegcau_call;Carcan_call;Unknown
15,True,False,3.7907,9,3,3,False,False,2.4293877550000005,0.640881039122062,Corcor_call;Parcae_call;Pasdom_call
16,True,False,5.0039,10,1,1,False,False,1.3003174579999999,0.2598608001758628,Cetcet_song
17,True,False,4.702,9,3,2,True,False,0.7256235839999999,0.15432232752020417,Hirrus_call;Parmaj_call;Unknown
18,True,True,5.0039,0,0,0,False,False,0.0,0.0,
19,True,False,1.2074,2,1,1,False,False,0.075464853,0.0625019488156369,Phofem_song
20,True,False,2.8677,12,1,1,False,False,0.5369614509999999,0.18724463890923035,Carcan_call
21,True,False,5.0039,2,1,1,False,False,1.1918367349999999,0.23818156537900437,Fricoe_song
22,True,False,3.0302,7,2,2,False,False,1.869387755,0.6169189343937694,Carcar_song;Oriori_song
23,True,False,5.0039,3,1,1,False,False,0.731428571,0.14617170027378645,Galthe_call
24,True,False,5.0039,10,2,2,False,False,0.700952381,0.1400812128539739,Sylmel_call;Sylmel_song
25,True,False,2.6645,1,1,1,False,False,0.185759637,0.06971650853818728,Turmer_call
26,True,False,4.882,6,4,4,False,False,4.063492064,0.8323416763621467,Picpic_call;Serser_song;Turmer_song;Turphi_call
27,True,False,5.0039,15,2,2,False,False,1.701587302,0.34005221966865845,Cetcet_song;Lusmeg_song
28,True,False,2.5948,14,1,1,False,False,1.1276190460000002,0.4345687706181594,Galthe_song
29,True,False,5.0039,9,1,1,False,False,0.505034012,0.10092807849877096,Sylmel_call
30,True,True,4.3073,0,0,0,False,False,0.0,0.0,
31,True,False,5.0039,14,2,2,False,False,1.567346941,0.3132250726433382,Erirub_call;Turphi_song
32,True,True,5.0039,0,0,0,False,False,0.0,0.0,
33,True,False,5.0039,15,1,1,False,False,1.478095239,0.2953886446571674,Galthe_song
34,True,False,5.0039,15,2,2,False,False,1.1087528360000003,0.221577736565479,Petpet_song;Sylcan_song
35,True,False,5.0039,13,1,1,False,False,1.4497959169999999,0.2897331915106217,Regign_song
36,True,True,5.0039,0,0,0,False,False,0.0,0.0,
37,True,False,5.0039,2,1,1,False,False,0.557278911,0.11136891444673157,Sylund_call
38,True,False,3.5875,11,1,1,False,False,1.367074829,0.3810661544250871,Galthe_song
39,True,False,5.0039,4,3,3,False,False,5.2288435390000005,1.0,Parmaj_call;Serser_song;Turphi_song
40,True,False,5.0039,8,3,3,False,False,3.795736962,0.7585557189392275,Embcir_song;Lopcri_call;Siteur_song
41,True,False,5.0039,2,1,1,False,False,0.111746032,0.02233178760566758,Phycol_call
42,True,False,3.483,4,1,1,False,False,0.863492063,0.24791618231409704,Galthe_call
43,True,False,5.0039,17,2,2,False,False,1.541224491,0.3080046545694358,Anttri_song;Parcae_call
44,True,False,5.0039,1,1,0,True,False,0.091428571,0.01827146245928176,Unknown
45,True,False,5.0039,36,3,3,False,False,2.9257142859999994,0.584686801494834,Petpet_song;Sylcan_call;Sylcan_song
46,True,False,5.0039,24,1,1,False,False,0.821405896,0.16415313975099424,Sylatr_call
47,True,False,5.0039,9,2,2,False,False,3.191655329,0.6378335556266113,Erirub_song;Fricoe_song
48,True,False,5.0039,11,1,1,False,False,0.6987755090000001,0.1396461777813306,Carcan_song
49,True,False,5.0039,11,2,2,False,False,2.895238093,0.5785963134754891,Pasdom_call;Tibtom_song
50,True,False,5.0039,2,1,1,False,False,0.458594104,0.09164733587801516,Sylund_call
51,True,False,5.0039,1,1,1,False,False,0.157142857,0.03140407622054797,Lusmeg_call
52,True,False,2.7458,11,2,2,False,False,1.985396825,0.7230668020249108,Alaarv_song;Butbut_call
53,True,False,5.0039,9,4,4,False,False,8.179229026,1.0,Gargla_call;Parate_song;Siteur_song;Turmer_song
54,True,False,2.9373,2,2,2,False,False,0.567346939,0.19315253430020768,Oriori_call;Pelgra_call
55,True,True,1.5732,0,0,0,False,False,0.0,0.0,
56,True,True,2.3626,0,0,0,False,False,0.0,0.0,
57,True,False,5.0039,11,1,0,True,False,1.2480725629999998,0.2494199650272787,Unknown
58,True,False,5.0039,22,6,6,False,False,3.8087981859999998,0.7611659277763344,Cerbra_song;Parate_song;Pyrpyr_call;Regign_song;Trotro_song;Turphi_song
59,True,True,5.0039,0,0,0,False,False,0.0,0.0,
60,True,False,5.0039,1,1,1,False,False,0.38893424,0.07772622154719319,Petpet_song
61,True,True,2.5078,0,0,0,False,False,0.0,0.0,
62,True,False,5.0039,3,2,2,False,False,2.147845805,0.42923435820060357,Regign_song;Siteur_song
63,True,False,5.0039,39,1,1,False,False,3.323356009,0.66415316233338,Sylcan_song
64,True,False,1.3584,1,1,1,False,False,0.181632653,0.13371072806242637,Oriori_call
65,True,True,5.0039,0,0,0,False,False,0.0,0.0,
66,True,False,3.0418,6,2,2,False,False,4.030294784,1.0,Cicatr_song;Strdec_song
67,True,False,5.0039,3,2,2,False,False,5.750566893,1.0,Galcri_call;Plasab_song
68,True,False,5.0039,8,1,1,False,False,0.8830839,0.17647912628150045,Carcan_song
69,True,False,5.0039,3,2,2,False,False,5.461043084,1.0,Galcri_call;Plasab_song
70,True,False,5.0039,4,1,1,False,False,1.615238095,0.32279583824616803,Galcri_call
71,True,False,5.0039,27,3,3,False,False,1.757142858,0.3511546709566538,Lularb_song;Lusmeg_song;Phofem_song
72,True,True,2.3859,0,0,0,False,False,0.0,0.0,
73,True,False,5.0039,11,2,2,False,False,1.113469388,0.22252031175682968,Petpet_call;Sylcan_song
74,True,False,2.8909,5,3,3,False,False,2.999047618,1.0,Oriori_call;Oriori_song;Ptehey_song
75,True,False,5.0039,13,4,3,True,False,2.7363265310000005,0.546838771957873,Lopcri_call;Phycol_song;Turphi_song;Unknown
76,True,False,5.0039,12,2,2,False,False,1.7959183669999998,0.3589037284917764,Anttri_song;Phycol_song
77,True,False,5.0039,6,3,3,False,False,0.990476191,0.1979408443414137,Carcan_song;Pyrpyr_call;Sylmel_call
78,True,False,5.0039,40,2,2,False,False,4.659591836,0.9311920374108196,Anttri_song;Regign_song
79,True,True,5.0039,0,0,0,False,False,0.0,0.0,
80,True,False,2.351,1,1,1,False,False,0.19446712,0.08271676733304976,Petpet_song
81,True,False,5.0039,3,2,2,False,False,5.720090703,1.0,Galcri_call;Plasab_song
82,True,False,5.0039,7,2,2,False,False,2.3488435370000005,0.46940257339275376,Erirub_song;Parcae_call
83,True,False,1.7009,13,2,2,False,False,0.7682086169999999,0.45164831383385257,Lusmeg_call;Sylmel_call
84,True,False,2.589,9,3,3,False,False,6.118820862,1.0,Alaarv_song;Lyrple_song;Plaaff_song
85,True,False,5.0039,14,4,4,False,False,3.6622222229999997,0.7318735832051,Colpal_song;Erirub_song;Phycol_call;Pyrpyr_call
86,True,False,5.0039,9,5,4,True,False,6.989206349000001,1.0,Cerbra_song;Parate_song;Siteur_song;Turphi_song;Unknown
87,True,False,2.7283,4,2,2,False,False,2.954739229,1.0,Cisjun_song;Tibtom_song
88,True,False,4.911,1,1,1,False,False,0.132063492,0.02689136469150886,Picpic_call
89,True,False,5.0039,3,2,2,False,False,5.487165533,1.0,Galcri_call;Plasab_song
90,True,True,5.0039,0,0,0,False,False,0.0,0.0,
91,True,False,2.9896,3,2,1,True,False,0.6367346939999999,0.21298323989831414,Aegcau_call;Unknown
92,True,False,3.6804,4,1,1,False,False,0.65596372,0.1782316378654494,Pelgra_call
93,True,False,2.9199,22,1,1,False,False,1.039092972,0.35586594472413435,Sylmel_song
94,True,False,2.6819,12,3,3,False,False,5.988299318999999,1.0,Cicatr_song;Embcir_song;Tetpyg_song
95,True,False,5.0039,12,3,2,True,False,5.613424037000001,1.0,Lusmeg_call;Parmaj_call;Unknown
96,True,False,5.0039,24,3,2,True,False,3.399138323,0.679297812306401,Denmaj_drum;Loxcur_call;Unknown
97,True,False,2.0259,8,1,1,False,False,0.628571427,0.3102677461868799,Sylund_song
98,True,False,5.0039,18,2,2,False,False,2.3818594120000003,0.4760006019304943,Petpet_call;Sylcan_song
99,True,False,4.2667,7,1,1,False,False,0.742312925,0.17397823259193287,Galthe_song
100,True,False,5.0039,2,1,1,False,False,0.15963718799999999,0.03190255360818561,Embcir_call
101,True,False,5.0039,22,2,2,False,False,2.3621768719999996,0.4720671620136293,Parcae_song;Parmaj_song
102,True,True,5.0039,0,0,0,False,False,0.0,0.0,
103,True,False,4.2202,20,2,2,False,False,2.1101133790000004,0.5000031702288992,Hirrus_call;Lusmeg_song
104,True,False,5.0039,3,2,2,False,False,0.473106576,0.09454756809688443,Erirub_call;Prumod_song
105,True,False,5.0039,7,3,3,False,False,0.934603175,0.18677495053857993,Butbut_call;Erirub_call;Parate_call
106,True,False,4.0693,1,1,1,False,False,0.104489796,0.02567758484260192,Fricoe_call
107,True,False,5.0039,2,2,1,True,False,0.19156462600000002,0.03828306440976039,Turphi_call;Unknown
108,True,False,5.0039,8,1,1,False,False,0.22784580499999998,0.045533644757089466,Sylcan_call
109,True,True,2.7574,0,0,0,False,False,0.0,0.0,
110,True,False,5.0039,13,3,2,True,False,1.661678005,0.33207658126661205,Jyntor_song;Turmer_song;Unknown
111,True,False,3.5991,5,1,1,False,False,0.751746032,0.20887055986218778,Petpet_song
112,True,True,2.8619,0,0,0,False,False,0.0,0.0,
113,True,False,5.0039,7,2,1,True,False,1.2720181400000001,0.25420534782869364,Oriori_song;Unknown
114,True,False,5.0039,15,2,2,False,False,3.027301586,0.6049884262275426,Cerbra_call;Pasdom_call
115,True,False,3.3088,6,1,1,False,False,0.786575963,0.237722425955029,Sylatr_song
116,True,True,1.5151,0,0,0,False,False,0.0,0.0,
117,True,True,5.0039,0,0,0,False,False,0.0,0.0,
118,True,False,3.9474,4,2,2,False,False,0.72244898,0.18301894411511374,Oriori_call;Oriori_song
119,True,False,5.0039,13,2,2,False,False,1.4171428560000003,0.28320766921801005,Cetcet_song;Serser_call
120,True,False,5.0039,8,1,1,False,False,0.6465306129999999,0.12920534243290233,Sylund_song
121,True,False,5.0039,32,2,2,False,False,3.1085714309999997,0.6212297270129299,Parcae_song;Parmaj_song
122,True,False,2.5774,10,1,1,False,False,0.7836734710000002,0.30405582020640964,Turphi_song
123,True,False,4.6034,7,1,1,False,False,1.155102041,0.2509236740235478,Fricoe_song
124,True,True,2.589,0,0,0,False,False,0.0,0.0,
125,True,False,5.0039,7,2,1,True,False,1.399999999,0.2797817700193849,Oriori_song;Unknown
126,True,False,2.5368,12,3,2,True,False,0.9407709739999999,0.3708494851781772,Lusmeg_song;Phofem_song;Unknown
127,True,False,5.0039,24,1,1,False,False,2.07020408,0.4137181158696217,Carcan_song
128,True,False,2.502,2,1,1,False,False,0.391111111,0.1563193888888889,Galthe_call
129,True,True,1.0913,0,0,0,False,False,0.0,0.0,
130,True,False,5.0039,3,1,1,False,False,0.38312925200000003,0.07656612881952078,Carcan_song
131,True,False,2.7283,12,1,1,False,False,0.5921088429999999,0.21702482974746176,Carcan_call
132,True,False,5.0039,4,2,2,False,False,8.661043084000001,1.0,Lyrple_song;Plaaff_song
133,True,False,5.0039,23,2,2,False,False,2.7632653070000006,0.5522223279841725,Lularb_song;Lusmeg_song
134,True,False,2.589,5,3,3,False,False,3.065034013,1.0,Cisjun_song;Galcri_song;Tibtom_song
135,True,False,5.0039,28,2,2,False,False,2.669206351,0.5334251985451348,Siteur_call;Trotro_song
136,True,False,5.0039,11,3,3,False,False,5.0365532879999995,1.0,Erirub_call;Prumod_song;Turmer_call
137,True,False,3.9996,8,1,1,False,False,0.22857142800000002,0.05714857185718572,Carcar_call
138,True,False,5.0039,2,2,2,False,False,4.324716553,0.8642691806391015,Jyntor_song;Serser_song
139,True,False,5.0039,4,1,1,False,False,0.653061226,0.1305104470513,Musstr_call
140,True,True,2.5426,0,0,0,False,False,0.0,0.0,
141,True,False,2.5658,8,2,2,False,False,1.491882086,0.5814490942396134,Corcor_call;Parmaj_call
142,True,False,5.0039,4,2,2,False,False,1.576054421,0.3149652113351586,Erirub_song;Pyrpyr_call
143,True,False,2.531,1,1,1,False,False,0.063854875,0.025229109047807192,Embcir_call
144,True,False,5.0039,9,3,3,False,False,1.224489797,0.24470708787146025,Phycol_call;Pyrpyr_call;Regign_call
145,True,False,5.0039,25,2,2,False,False,2.351020411,0.46983760886508524,Petpet_song;Sylcan_song
146,True,True,5.0039,0,0,0,False,False,0.0,0.0,
147,True,False,2.8386,8,3,2,True,False,0.971428572,0.3422210145846544,Pasdom_call;Sylmel_song;Unknown
148,True,False,5.0039,6,2,2,False,False,0.653061225,0.13051044685145585,Lusmeg_song;Strtur_song
149,True,False,5.0039,7,2,2,False,False,2.9518367340000005,0.5899072191690483,Lusmeg_song;Strtur_song
150,True,False,5.0039,20,2,2,False,False,2.023038551,0.4042923621575171,Parcae_song;Parmaj_song
151,True,False,5.0039,6,1,1,False,False,0.503582766,0.10063805551669697,Sylmel_call
152,True,False,5.0039,36,4,3,True,False,3.7819501149999994,0.7558004986110832,Denmaj_drum;Parate_song;Poepal_call;Unknown
153,True,False,5.0039,11,6,6,False,False,3.6324716550000002,0.7259281070764805,Denmaj_drum;Fricoe_call;Phycol_song;Regign_song;Siteur_song;Trotro_song
154,True,False,5.0039,4,2,2,False,False,5.239002267,1.0,Embcir_song;Serser_song
155,True,False,5.0039,12,2,2,False,False,1.6522448969999999,0.33019143008453405,Carcar_call;Cetcet_song
156,True,False,5.0039,9,1,1,False,False,0.8214058960000001,0.16415313975099427,Lopcri_call
157,True,False,5.0039,12,1,1,False,False,0.9502040810000001,0.18989269989408264,Sylund_song
158,True,False,5.0039,1,1,1,False,False,0.32,0.06395011890725234,Galcri_call
159,True,False,2.827,7,1,1,False,False,0.21188208600000003,0.07494944676335338,Sylcan_call
160,True,False,5.0039,15,3,3,False,False,3.9983673499999997,0.7990502108355483,Alaarv_song;Parmaj_song;Poepal_call
161,True,False,4.4292,3,1,1,False,False,0.217687075,0.049148170098437645,Sylmel_call
162,True,False,5.0039,15,1,1,False,False,2.4903401329999997,0.4976798363276644,Galcri_song
163,True,True,5.0039,0,0,0,False,False,0.0,0.0,
164,True,False,3.303,18,1,1,False,False,0.9302494310000001,0.2816377326672722,Carcan_call
165,True,False,5.0039,8,1,1,False,False,0.267029478,0.05336427146825476,Sylcan_call
166,True,False,5.0039,11,1,1,False,False,1.22653061,0.24511493235276485,Embcir_song
167,True,False,5.0039,9,3,3,False,False,5.989297052,1.0,Cisjun_song;Pasdom_call;Tibtom_song
168,True,False,5.0039,6,2,1,True,False,2.9286167819999998,0.5852668482583585,Strtur_song;Unknown
169,True,False,2.5252,7,1,1,False,False,1.410612244,0.5586140677966102,Alaarv_song
170,True,False,5.0039,14,3,3,False,False,1.36707483,0.2732018685425368,Embcir_call;Lularb_song;Phofem_song
171,True,False,5.0039,31,6,5,True,False,7.418049888000001,1.0,Cerbra_song;Gargla_call;Parate_song;Siteur_call;Turphi_song;Unknown
172,True,False,5.0039,1,1,1,False,False,0.024671202,0.004930394692140131,Turphi_call
173,True,False,1.0159,5,1,1,False,False,0.42231292600000003,0.4157032444138203,Jyntor_song
174,True,False,5.0039,13,1,1,False,False,0.375873017,0.07511601290993025,Sylmel_call
175,True,False,3.8951,20,4,3,True,False,1.4514285729999998,0.3726293478986419,Cisjun_song;Picpic_call;Sylmel_song;Unknown
176,True,False,5.0039,8,1,1,False,False,1.291609977,0.25812066128419836,Turphi_song
177,True,False,5.0039,7,2,2,False,False,3.591836736,0.717807457383241,Embcir_call;Serser_song
178,True,False,5.0039,7,2,2,False,False,2.2262131520000006,0.44489561182277837,Pelgra_call;Ptehey_song
179,True,False,4.4756,7,2,2,False,False,0.894693878,0.19990478997229422,Aegcau_call;Carcan_call
180,True,False,5.0039,7,2,2,False,False,1.488979591,0.29756381842163115,Lusmeg_call;Parmaj_call
181,True,False,5.0039,28,3,2,True,False,2.4126984129999998,0.48216359499590317,Cerbra_call;Motcin_call;Unknown
182,True,False,5.0039,3,2,2,False,False,5.9080272119999995,1.0,Galcri_call;Plasab_song
183,True,False,5.0039,23,5,4,True,False,4.359183673,0.871157231959072,Fricoe_call;Phycol_song;Poepal_song;Regign_song;Unknown
184,True,True,5.0039,0,0,0,False,False,0.0,0.0,
185,True,False,5.0039,2,1,1,False,False,0.07401360600000001,0.014791184076420395,Carcan_call
186,True,True,4.8704,0,0,0,False,False,0.0,0.0,
187,True,False,1.6196,2,1,1,False,False,0.45278911499999996,0.27956848295875525,Sylund_call
188,True,False,5.0039,26,2,1,True,False,3.012244899,0.6019794358400448,Cetcet_song;Unknown
189,True,False,2.9083,7,2,2,False,False,1.7523809519999998,0.6025447691091015,Motcin_call;Parcae_call
190,True,False,5.0039,18,2,1,True,False,2.424308388,0.48448378025140393,Turphi_song;Unknown
191,True,False,5.0039,19,1,1,False,False,0.8054421719999999,0.1609628833509862,Sylmel_call
192,True,False,5.0039,22,2,2,False,False,2.428390022,0.48529947081276603,Parate_song;Poepal_song
193,True,False,2.7167,2,2,2,False,False,5.433469388,1.0,Lyrple_song;Plaaff_song
194,True,True,5.0039,0,0,0,False,False,0.0,0.0,
195,True,False,2.5716,12,1,1,False,False,1.587301587,0.6172428009799347,Alaarv_song
196,True,False,2.56,22,2,2,False,False,1.8256689339999994,0.7131519273437498,Embcir_call;Lularb_song
197,True,False,5.0039,20,2,2,False,False,1.126167801,0.2250580149483403,Carcar_call;Motcin_call
198,True,False,2.618,10,2,2,False,False,1.212698413,0.46321558938120705,Alaarv_song;Stuvul_call
199,True,False,2.5832,11,2,2,False,False,1.7734240369999998,0.6865221574016722,Parmaj_call;Tetpyg_song
200,True,False,5.0039,38,1,1,False,False,2.887981857,0.5771461973660545,Sylmel_song
201,True,False,5.0039,9,2,2,False,False,1.081904762,0.21621230680069545,Cetcet_song;Lusmeg_song
202,True,False,5.0039,18,2,1,True,False,0.876734693,0.17521027458582306,Sylund_song;Unknown
203,True,True,2.7283,0,0,0,False,False,0.0,0.0,
204,True,False,5.0039,1,1,1,False,False,0.167619048,0.033497681408501366,Galthe_call
205,True,False,5.0039,9,2,1,True,False,0.7161904749999999,0.14312645636403604,Carcan_song;Unknown
206,True,True,5.0039,0,0,0,False,False,0.0,0.0,
207,True,False,5.0039,3,1,1,False,False,0.223492064,0.04466357521133516,Lusmeg_song
208,True,False,5.0039,12,1,1,False,False,0.34394557800000003,0.06873550190851137,Sylcan_call
209,True,True,5.0039,0,0,0,False,False,0.0,0.0,
210,True,False,1.4396,2,2,2,False,False,2.876371882,1.0,Lyrple_song;Plasab_song
211,True,True,5.0039,0,0,0,False,False,0.0,0.0,
212,True,False,2.531,11,2,2,False,False,1.059183674,0.41848426471750294,Lularb_song;Lusmeg_call
213,True,False,5.0039,1,1,1,False,False,0.21478458,0.04292343572013829,Lusmeg_call
214,True,True,5.0039,0,0,0,False,False,0.0,0.0,
215,True,True,2.1304,0,0,0,False,False,0.0,0.0,
216,True,False,2.7864,5,2,2,False,False,0.272834467,0.09791647538041919,Carcan_call;Parmaj_call
217,True,False,2.8561,19,1,1,False,False,1.121814058,0.3927782843737964,Carcar_song
218,True,False,4.1796,7,3,2,True,False,2.858956917,0.6840264420040195,Pelgra_call;Ptehey_song;Unknown
219,True,False,4.9459,19,1,1,False,False,1.4367346909999998,0.29049004043753407,Lusmeg_song
220,True,False,5.0039,20,2,2,False,False,2.7657142840000004,0.5527117416415197,Petpet_call;Sylcan_song
221,True,False,5.0039,10,1,1,False,False,1.027482993,0.20533643617977979,Parcae_song
222,True,False,5.0039,12,2,2,False,False,1.9345124720000002,0.3866009456623834,Petpet_call;Sylcan_song
223,True,False,2.8967,2,2,2,False,False,3.366893424,1.0,Oriori_call;Ptehey_song
224,False,False,5.0039,0,0,0,False,False,0.0,0.0,
225,True,False,2.5252,10,3,3,False,False,1.894557824,0.7502605037224774,Lularb_song;Oriori_song;Sylmel_call
226,True,False,5.0039,24,4,3,True,False,2.850249434,0.5696055944363397,Corcor_call;Loxcur_call;Parcae_call;Unknown
227,True,False,3.0941,1,1,1,False,False,0.574693878,0.18573862447884684,Oriori_call
228,True,False,5.0039,20,2,1,True,False,1.160816326,0.23198231899118688,Sylund_song;Unknown
229,True,False,1.0333,7,3,3,False,False,1.5702494340000004,1.0,Cisjun_song;Sylmel_song;Tibtom_song
230,True,False,1.5557,7,1,1,False,False,0.705306122,0.4533689798804396,Parcae_song
231,True,False,5.0039,1,1,1,False,False,0.307664399,0.06148492156118228,Oriori_call
232,True,True,5.0039,0,0,0,False,False,0.0,0.0,
233,True,False,5.0039,8,3,3,False,False,10.357188209,1.0,Cicorn_song;Lyrple_song;Motcin_call
234,True,False,2.9257,4,3,3,False,False,3.334965987,1.0,Cicatr_song;Picpic_call;Strdec_song
235,True,True,5.0039,0,0,0,False,False,0.0,0.0,
236,True,False,5.0039,5,1,1,False,False,2.8705668940000004,0.5736659193828815,Strtur_song
237,True,True,5.0039,0,0,0,False,False,0.0,0.0,
238,True,False,2.9373,2,1,1,False,False,0.276462585,0.09412133081401286,Galthe_song
239,True,True,2.5542,0,0,0,False,False,0.0,0.0,
240,True,False,5.0039,2,1,1,False,False,0.229297052,0.04582366793900758,Parcae_call
241,True,False,5.0039,27,3,3,False,False,3.657142856,0.7308585015687764,Colpal_song;Erirub_song;Lopcri_call
242,True,True,3.8023,0,0,0,False,False,0.0,0.0,
243,True,False,5.0039,13,2,2,False,False,2.040090703,0.4077001344950939,Cerbra_song;Parate_song
244,True,False,5.0039,6,5,4,True,False,6.011428572,1.0,Denmaj_drum;Phycol_song;Regign_call;Trotro_song;Unknown
245,True,False,4.8239,3,3,2,True,False,3.1201814059999995,0.6468171823628184,Galcri_song;Serser_song;Unknown
246,True,False,1.5732,1,1,0,True,False,0.116099773,0.0737984827103992,Unknown
247,True,True,2.2523,0,0,0,False,False,0.0,0.0,
248,True,True,5.0039,0,0,0,False,False,0.0,0.0,
249,True,False,5.0039,19,2,2,False,False,1.869206351,0.373549901277004,Petpet_song;Sylcan_song
250,True,False,5.0039,4,2,2,False,False,0.81632653,0.1631380583145147,Denmaj_call;Erirub_song
251,True,False,5.0039,7,1,1,False,False,0.40489796000000006,0.08091647714782471,Sylund_song
252,True,False,5.0039,18,2,2,False,False,0.9298866219999999,0.18583237514738504,Carcar_call;Motcin_call
253,True,False,5.0039,14,3,2,False,True,2.115918367,0.42285384739902876,Aegcau_call;Human;Turphi_call
254,True,False,4.3886,11,3,2,True,False,1.2612244899999998,0.28738652189764385,Cetcet_song;Lusmeg_song;Unknown
255,True,False,4.0461,16,3,3,False,False,1.26367347,0.3123188922666271,Cerbra_call;Motcin_call;Parcae_call
256,True,False,5.0039,4,1,1,False,False,0.597913833,0.11948956473950319,Stuvul_call
257,True,False,2.3626,8,1,1,False,False,0.284444444,0.12039466858545671,Sylatr_call
258,True,False,4.0287,6,3,3,False,False,6.51755102,1.0,Cicatr_song;Serser_song;Strdec_song
259,True,False,5.0039,1,1,1,False,False,0.274285714,0.05481438757768941,Galthe_call
260,True,True,2.6529,0,0,0,False,False,0.0,0.0,
261,True,False,5.0039,12,3,3,False,False,2.996825398,0.5988979392074182,Denmaj_call;Erirub_song;Turphi_song
262,True,False,5.0039,40,2,2,False,False,3.2738322,0.6542561202262236,Loxcur_call;Phycol_call
263,True,False,5.0039,4,1,1,False,False,0.650158732,0.12993040068746378,Lusmeg_call
264,True,False,5.0039,1,1,1,False,False,0.049342404,0.009860789384280262,Turphi_call
265,True,False,5.0039,2,2,2,False,False,0.165442176,0.03306264633585803,Parcae_call;Turmer_call
266,True,False,5.0039,6,2,2,False,False,2.093061225,0.41828598193409144,Denmaj_call;Erirub_song
267,True,False,2.7225,2,2,2,False,False,1.286530612,0.4725548620752984,Ptehey_song;Turmer_call
268,True,False,2.5774,3,1,0,True,False,0.5514739230000001,0.21396520640956007,Unknown
269,True,False,2.5368,6,4,4,False,False,4.82866213,1.0,Cicatr_song;Colpal_song;Picpic_call;Serser_song
270,True,False,5.0039,18,4,3,True,False,2.475827666,0.4947796051080157,Corcor_call;Pasdom_call;Sylatr_song;Unknown
271,True,True,5.0039,0,0,0,False,False,0.0,0.0,
272,True,False,5.0039,35,6,5,True,False,5.157732426,1.0,Lusmeg_call;Lusmeg_song;Parcae_call;Parmaj_call;Tetpyg_song;Unknown
273,True,False,3.036,6,2,2,False,False,1.480272109,0.48757315843214755,Embcir_song;Galcri_song
274,True,False,5.0039,7,2,2,False,False,3.937959183,0.7869779937648634,Embcir_call;Serser_song
275,True,False,1.0855,4,1,1,False,False,0.545668935,0.5026890234914786,Parcae_call
276,True,False,5.0039,9,1,1,False,False,0.9110204070000001,0.18206207298307323,Aegcau_call
277,True,False,3.5585,7,1,1,False,False,0.793877551,0.2230933120696923,Lularb_song
278,True,False,2.589,12,2,2,False,False,0.795918366,0.30742308458864426,Lusmeg_song;Parcae_call
279,True,False,5.0039,5,2,2,False,False,6.441360544,1.0,Galcri_call;Plasab_song
280,False,False,5.0039,0,0,0,False,False,0.0,0.0,
281,True,False,5.0039,5,2,2,False,False,4.298956916,0.8591212686104839,Cetcet_song;Serser_song
282,True,False,2.5716,3,2,2,False,False,0.484716553,0.1884883158344999,Oriori_song;Turmer_call
283,False,False,5.0039,0,0,0,False,False,0.0,0.0,
284,True,False,5.0039,8,2,2,False,False,0.817777777,0.1634280814964328,Galthe_call;Galthe_song
285,True,False,2.769,2,2,2,False,False,1.465759637,0.529346203322499,Ptehey_song;Turmer_call
286,True,False,5.0039,4,2,2,False,False,1.505941043,0.30095346489738006,Erirub_song;Lopcri_call
287,True,False,5.0039,14,2,2,False,False,2.1191836729999998,0.4235063996083055,Petpet_call;Sylcan_song
288,True,False,1.3351,1,1,1,False,False,0.197369615,0.1478313347314808,Petpet_song
289,True,True,5.0039,0,0,0,False,False,0.0,0.0,
290,True,True,1.904,0,0,0,False,False,0.0,0.0,
291,True,False,5.0039,6,2,2,False,False,1.7959183669999998,0.3589037284917764,Denmaj_call;Erirub_song
292,True,False,5.0039,17,1,1,False,False,1.085532879,0.21693736465556868,Sylmel_song
293,True,False,5.0039,8,2,2,False,False,2.838639456,0.5672854085813066,Pelgra_call;Ptehey_song
294,True,True,3.1289,0,0,0,False,False,0.0,0.0,
295,True,False,5.0039,1,1,1,False,False,5.003900227,1.0,Plaaff_song
296,True,False,5.0039,2,1,1,False,False,0.403446712,0.08062645376606248,Sylund_call
297,True,False,5.0039,12,3,3,False,False,1.811156462,0.3619489722016827,Butbut_call;Erirub_call;Parate_call
298,True,False,5.0039,1,1,1,False,False,5.003900227,1.0,Plaaff_song
299,True,False,5.0039,9,1,1,False,False,0.705306123,0.14095128259957232,Carcan_song
300,True,False,5.0039,7,2,2,False,False,0.571428572,0.11419664102000439,Alaarv_song;Loxcur_call
301,True,False,5.0039,9,3,3,False,False,0.679183673,0.13573086452567,Parate_call;Parate_song;Pyrpyr_call
302,True,False,5.0039,8,4,3,True,False,2.3212698410000003,0.4638921323367774,Chlchl_call;Pasdom_call;Turphi_call;Unknown
303,True,True,2.4961,0,0,0,False,False,0.0,0.0,
304,True,False,2.5252,9,2,2,False,False,1.273469388,0.5043043671788374,Alaarv_song;Galcri_song
305,False,False,4.9691,0,0,0,False,False,0.0,0.0,
306,False,False,5.0039,0,0,0,False,False,0.0,0.0,
307,True,False,5.0039,8,5,5,False,False,4.092970521,0.8179560984432143,Fricoe_call;Fricoe_song;Gargla_call;Parate_song;Turmer_song
308,True,False,5.0039,1,1,1,False,False,5.003900227,1.0,Plasab_song
309,True,False,2.798,3,3,3,False,False,2.664489796,0.9522837012151536,Oriori_call;Pelgra_call;Ptehey_song
310,True,True,4.4524,0,0,0,False,False,0.0,0.0,
311,True,True,4.3015,0,0,0,False,False,0.0,0.0,
312,True,False,5.0039,32,1,1,False,False,3.699047619,0.7392329221207459,Alaarv_song
313,True,False,2.9373,11,2,2,False,False,1.271428571,0.4328562186361624,Carcar_song;Oriori_song
314,True,False,5.0039,6,1,1,False,False,0.8939682550000001,0.17865430064549653,Musstr_call
315,True,False,3.8777,10,3,3,False,False,7.18367347,1.0,Galcri_song;Lyrple_song;Plaaff_song
316,True,False,5.0039,10,3,3,False,False,3.6731065760000003,0.734048757169408,Erirub_call;Prumod_song;Turmer_call
317,True,False,5.0039,27,5,4,True,False,3.2682086179999996,0.6531322804212714,Anttri_song;Fricoe_call;Phycol_song;Regign_song;Unknown
318,True,False,5.0039,11,2,2,False,False,2.0489795930000003,0.40947652690901104,Cetcet_song;Oriori_song
319,True,False,5.0039,19,4,4,False,False,1.508571429,0.30147913207697996,Denmaj_call;Parate_call;Parate_song;Phycol_song
320,True,False,3.0941,33,1,1,False,False,1.190022671,0.3846102811803109,Sylmel_call
321,True,False,5.0039,11,5,4,True,False,3.401723357,0.6798144161553988,Butbut_call;Erirub_song;Pyrpyr_call;Regign_song;Unknown
322,True,False,3.8719,13,2,2,False,False,5.212879819,1.0,Pasdom_call;Tibtom_song
323,True,False,5.0039,12,3,2,True,False,2.2400000010000003,0.4476508325506106,Denmaj_drum;Parmaj_song;Unknown
324,True,False,2.5484,6,2,2,False,False,0.571428571,0.22423032922618114,Carcar_call;Oriori_song
325,True,False,5.0039,11,3,2,True,False,2.628934242,0.5253770542976479,Corcor_call;Parate_call;Unknown
326,True,False,5.0039,16,5,5,False,False,4.235102040999999,0.8463602472071783,Colpal_song;Corcor_call;Erirub_song;Pyrpyr_call;Regign_song
327,True,True,5.0039,0,0,0,False,False,0.0,0.0,
328,True,False,2.5484,1,1,1,False,False,0.130612245,0.05125264675875058,Galthe_song
329,True,False,2.6993,1,1,1,False,False,0.243809524,0.09032324084021784,Sylund_call
330,True,True,5.0039,0,0,0,False,False,0.0,0.0,
331,True,False,3.9938,4,2,2,False,False,1.190748299,0.29814920601933,Chlchl_call;Regign_call
332,True,False,1.6196,7,1,1,False,False,0.326530612,0.2016118868856508,Carcar_song
333,True,False,3.4133,1,1,1,False,False,0.401269841,0.11756067178390414,Galthe_song
334,True,False,5.0039,7,2,1,True,False,3.178231293,0.6351508409440637,Strtur_song;Unknown
335,True,False,5.0039,5,4,3,True,False,4.002539683,0.7998840270588942,Anttri_song;Pyrpyr_call;Siteur_song;Unknown
336,True,False,2.7109,1,1,1,False,False,0.342494331,0.1263397141170829,Oriori_call
337,True,False,3.1695,2,1,0,True,False,0.101587302,0.032051522953147185,Unknown
338,True,False,5.0039,5,3,3,False,False,10.486712017999999,1.0,Cicatr_song;Cicorn_song;Lusmeg_call
339,True,False,3.3843,3,1,1,False,False,0.142222222,0.04202411783825311,Sylatr_call
340,True,False,2.5484,1,1,1,False,False,2.548390023,0.9999960849945064,Cicorn_song
341,True,True,5.0039,0,0,0,False,False,0.0,0.0,
342,True,False,5.0039,6,1,1,False,False,0.899999999,0.1798597092268031,Lularb_song
343,False,False,4.3421,0,0,0,False,False,0.0,0.0,
344,True,False,2.1711,3,2,1,True,False,0.50430839,0.23228243286813138,Musstr_call;Unknown
345,True,False,5.0039,1,1,1,False,False,0.078367347,0.015661253622174704,Embcir_call
346,True,False,5.0039,18,1,1,False,False,0.473106574,0.09454756769719619,Sylcan_call
347,True,False,3.6571,5,3,2,True,False,0.963628118,0.2634951513494299,Oriori_song;Stuvul_call;Unknown
348,True,False,2.8677,1,1,1,False,False,0.359909297,0.12550451476793248,Oriori_call
349,True,True,5.0039,0,0,0,False,False,0.0,0.0,
350,True,False,5.0039,5,1,1,False,False,0.587755101,0.11745940186654409,Carcan_song
351,True,False,2.5948,14,3,3,False,False,3.6429931990000006,1.0,Carcar_call;Pelgra_call;Ptehey_song
352,False,False,2.5426,0,0,0,False,False,0.0,0.0,
353,True,False,3.0012,1,1,1,False,False,0.016326531,0.00544000099960016,Turphi_call
354,True,False,2.4961,2,2,2,False,False,4.99229025,1.0,Cicatr_song;Tetpyg_song
355,True,True,2.5774,0,0,0,False,False,0.0,0.0,
356,True,False,5.0039,24,3,3,False,False,4.191201817,0.8375870455045065,Musstr_call;Siteur_call;Trotro_song
357,True,True,5.0039,0,0,0,False,False,0.0,0.0,
358,True,False,5.0039,15,3,3,False,False,3.350793651,0.6696364137972382,Butbut_call;Colpal_song;Regign_song
359,True,False,4.9459,1,1,1,False,False,0.316371882,0.0639664938636042,Stuvul_call
360,True,True,3.3437,0,0,0,False,False,0.0,0.0,
361,True,True,2.6355,0,0,0,False,False,0.0,0.0,
362,True,False,5.0039,6,1,1,False,False,0.261224489,0.05220417854073823,Carcan_call
363,True,False,5.0039,11,1,1,False,False,3.009886621,0.6015081478446812,Strdec_song
364,True,False,5.0039,11,4,3,True,False,1.7151927439999999,0.3427711872739263,Cerbra_call;Parcae_song;Sylatr_song;Unknown
365,True,False,2.5484,13,2,2,False,False,0.896870749,0.35193484107675405,Hirrus_call;Parmaj_song
366,True,True,5.0039,0,0,0,False,False,0.0,0.0,
367,True,False,5.0039,10,2,2,False,False,1.1773242640000001,0.23528133335997925,Cerbra_song;Parmaj_song
368,True,False,2.618,23,1,1,False,False,1.64281179,0.6275064132925898,Alaarv_song
369,True,True,1.7241,0,0,0,False,False,0.0,0.0,
370,True,False,5.0039,24,5,4,True,False,5.253061224,1.0,Fricoe_song;Phycol_song;Poepal_song;Regign_song;Unknown
371,True,True,5.0039,0,0,0,False,False,0.0,0.0,
372,True,False,5.0039,3,1,1,False,False,0.072562358,0.014501160694658165,Carcan_call
373,True,False,5.0039,15,1,1,False,False,1.185714287,0.23695803013649352,Fricoe_song
374,True,True,5.0039,0,0,0,False,False,0.0,0.0,
375,True,True,5.0039,0,0,0,False,False,0.0,0.0,
376,True,False,5.0039,7,2,2,False,False,0.899773242,0.17981439317332482,Petpet_song;Sylcan_call
377,True,False,5.0039,55,3,3,False,False,8.07473923,1.0,Carcar_song;Cicatr_song;Picpic_call
378,True,False,5.0039,7,1,1,False,False,0.674829931,0.13486079478007154,Poepal_song
379,True,False,5.0039,12,1,1,False,False,1.076825397,0.21519722556406,Sylmel_song
380,True,False,5.0039,4,2,2,False,False,0.46122449,0.09217300305761505,Carcar_call;Oriori_song
381,True,False,3.0012,1,1,1,False,False,0.545668934,0.18181691789950688,Oriori_call
382,True,False,5.0039,23,2,2,False,False,1.128390027,0.22550211375127402,Embcir_song;Stuvul_call
383,True,False,5.0039,10,3,3,False,False,2.022312925,0.4041473500669478,Denmaj_call;Erirub_song;Regign_call
384,True,False,5.0039,18,5,4,True,False,2.8596825380000004,0.5714907448190413,Colpal_song;Erirub_song;Pyrpyr_call;Regign_call;Unknown
385,True,False,5.0039,15,2,2,False,False,1.3841269840000001,0.2766096412798018,Cetcet_song;Serser_call
386,True,False,5.0039,8,1,1,False,False,0.223492063,0.044663575011491034,Sylmel_call
387,True,False,5.0039,1,1,1,False,False,0.03047619,0.006090487419812546,Turphi_call
388,True,False,5.0039,4,2,2,False,False,1.8213151929999998,0.3639791348747976,Poepal_song;Turmer_song
389,True,True,5.0039,0,0,0,False,False,0.0,0.0,
390,True,True,2.0434,0,0,0,False,False,0.0,0.0,
391,True,False,5.0039,18,5,4,True,False,4.269387755,0.8532120456044286,Erirub_song;Fricoe_song;Prumod_song;Regign_song;Unknown
392,True,False,2.6006,4,2,1,True,False,0.249614512,0.09598343151580405,Parcae_song;Unknown
393,True,False,5.0039,68,1,1,False,False,1.79519274,0.35875871620136296,Sylmel_call
394,True,False,2.5484,2,2,2,False,False,2.5991836740000003,1.0,Chlchl_call;Lyrple_song
395,True,False,5.0039,30,2,2,False,False,2.82702948,0.5649652231259619,Parcae_song;Parmaj_song
396,True,False,5.0039,6,3,2,True,False,0.670476189,0.1339907250344731,Petpet_song;Sylmel_call;Unknown
397,True,True,4.7775,0,0,0,False,False,0.0,0.0,
398,True,False,3.9126,4,3,3,False,False,0.888888889,0.2271862416296069,Chlchl_call;Pasdom_call;Turphi_call
399,True,False,2.5832,7,2,2,False,False,0.394013604,0.15252926757510066,Carcar_call;Motcin_call
400,True,False,5.0039,10,3,3,False,False,7.541043085,1.0,Carcar_song;Lyrple_song;Serser_song
401,True,False,5.0039,1,1,1,False,False,0.254693878,0.050899074322028816,Petpet_call
402,True,True,5.0039,0,0,0,False,False,0.0,0.0,
403,True,False,5.0039,1,1,1,False,False,4.998095238,0.9988399524370992,Tetpyg_song
404,True,False,2.5832,10,2,2,False,False,0.8056689349999999,0.31188794324868374,Lularb_song;Phofem_song
405,True,False,2.6064,4,2,2,False,False,0.774965986,0.29733194674647023,Cicorn_song;Parcae_call
406,True,False,5.0039,15,2,2,False,False,2.3698866219999997,0.4736079102300205,Cetcet_song;Oriori_song
407,True,False,2.502,9,2,2,False,False,1.4048072550000001,0.5614737230215828,Parmaj_song;Strdec_song
408,True,False,4.9284,8,1,1,False,False,0.962539684,0.19530470010551093,Cetcet_song
409,True,False,5.0039,33,4,3,True,False,2.504875283,0.5005846006115231,Poepal_call;Siteur_song;Trotro_song;Unknown
410,True,False,4.2783,20,2,2,False,False,0.8367346960000002,0.19557644297968824,Lularb_song;Phofem_song
411,True,False,5.0039,14,3,2,True,False,3.253696145,0.6502320480025581,Strtur_song;Sylatr_song;Unknown
412,True,False,5.0039,9,3,3,False,False,2.5041269849999996,0.500435057655029,Chlchl_call;Pasdom_call;Regign_call
413,True,False,5.0039,6,2,1,True,False,2.1688888889999998,0.4334396948380263,Galcri_call;Unknown
414,True,False,5.0039,6,1,1,False,False,1.3496598640000002,0.26972158995983136,Turphi_song
415,True,False,1.9331,11,1,1,False,False,0.389795919,0.2016429150069836,Embcir_song
416,True,False,5.0039,30,2,1,True,False,1.3699773250000005,0.27378191510621724,Sylatr_call;Unknown
417,True,False,5.0039,8,4,3,True,False,2.327074829,0.4650522250644497,Chlchl_call;Pasdom_call;Regign_call;Unknown
418,True,False,5.0039,8,1,1,False,False,0.761904763,0.15226218809328723,Lopcri_call
419,True,False,5.0039,5,1,1,False,False,0.14947845799999998,0.029872391134914765,Sylcan_call
420,True,False,2.6761,3,1,1,False,False,0.635646258,0.2375270946526662,Cerbra_call
421,True,False,2.8793,4,1,0,True,False,0.548571429,0.19052249817664013,Unknown
422,True,False,4.6846,13,2,2,False,False,2.158730159,0.46081419096614445,Carcar_song;Oriori_song
423,True,False,4.7949,9,3,3,False,False,5.729523810000001,1.0,Cisjun_song;Pasdom_call;Tibtom_song
424,True,False,2.5716,6,2,2,False,False,1.033514739,0.401895605459636,Parmaj_call;Strdec_song
425,True,False,5.0039,14,3,3,False,False,1.5365079349999997,0.30706207857870854,Fricoe_call;Phycol_call;Phycol_song
426,True,True,5.0039,0,0,0,False,False,0.0,0.0,
427,True,False,2.589,7,2,2,False,False,1.4686621309999999,0.5672700390112012,Hirrus_call;Tetpyg_song
428,True,False,5.0039,8,6,6,False,False,8.231473924,1.0,Cerbra_song;Gargla_call;Parate_song;Siteur_song;Turmer_song;Turphi_song
429,True,False,5.0039,8,2,2,False,False,2.351020406,0.46983760786586465,Corcor_call;Serser_call
430,True,False,5.0039,3,3,3,False,False,3.083900227,0.6162993319211015,Jyntor_song;Parmaj_call;Serser_song
431,True,True,3.0012,0,0,0,False,False,0.0,0.0,
432,False,False,5.0039,0,0,0,False,False,0.0,0.0,
433,True,False,5.0039,13,4,3,True,False,1.520907029,0.3039443292232059,Pasdom_call;Petpet_call;Sylcan_song;Unknown
434,True,False,1.7879,2,1,1,False,False,0.142222223,0.0795470792549919,Musstr_call
435,True,False,5.0039,6,1,1,False,False,0.182857143,0.03654292511840764,Sylcan_call
436,True,True,5.0039,0,0,0,False,False,0.0,0.0,
437,True,False,2.589,4,2,2,False,False,1.746938775,0.6747542584009271,Pelgra_call;Ptehey_song
438,True,False,5.0039,10,1,1,False,False,0.9142857149999999,0.1827146255920382,Regign_song
439,True,True,5.0039,0,0,0,False,False,0.0,0.0,
440,True,False,5.0039,4,4,4,False,False,3.8530612239999997,0.7700116357241351,Cerbra_song;Parate_song;Prumod_song;Turmer_song
441,True,False,5.0039,13,2,2,False,False,3.236825395,0.6468605277883251,Alaarv_song;Phofem_song
442,True,False,5.0039,10,4,3,True,False,3.7551020420000003,0.7504350690461441,Corcor_call;Erirub_song;Pyrpyr_call;Unknown
443,True,False,1.2307,3,2,1,True,False,0.491882086,0.3996766766880637,Parmaj_call;Unknown
444,True,False,5.0039,14,1,1,False,False,0.40634920399999996,0.08120649973021044,Sylcan_call
445,True,False,5.0039,1,1,1,False,False,0.037732426,0.007540603529247188,Fricoe_call
446,True,False,4.9284,2,1,1,False,False,0.06122449,0.012422792386981577,Phofem_song
447,True,False,5.0039,12,4,4,False,False,5.093877549999999,1.0,Denmaj_drum;Loxcur_call;Poepal_call;Siteur_song
448,True,False,5.0039,6,1,1,False,False,0.44843537400000005,0.08961717340474432,Carcan_song
449,True,False,5.0039,20,2,2,False,False,2.1093877539999997,0.42154874278063104,Anttri_song;Regign_call
450,True,False,1.9969,9,3,2,True,False,0.5253514739999999,0.26308351645049827,Embcir_call;Parmaj_song;Unknown
451,True,False,5.0039,28,1,1,False,False,1.0100680279999998,0.20185615779691837,Sylatr_call
452,True,False,5.0039,11,2,2,False,False,1.4476190480000002,0.2892981570375108,Cetcet_song;Lusmeg_call
453,True,True,5.0039,0,0,0,False,False,0.0,0.0,
454,True,True,5.0039,0,0,0,False,False,0.0,0.0,
455,True,False,5.0039,10,1,1,False,False,1.1871201820000001,0.23723898998780954,Sylund_call
456,True,False,2.5774,7,3,3,False,False,1.5121995459999997,0.5867151183363079,Lusmeg_song;Parmaj_call;Strdec_song
457,True,False,2.5194,1,1,1,False,False,1.175510204,0.46658339445899816,Ptehey_song
458,True,False,2.5774,3,2,2,False,False,2.93659864,1.0,Cicorn_song;Oriori_song
459,True,False,5.0039,12,2,2,False,False,2.0440816330000002,0.40849769839525174,Cerbra_song;Parate_song
460,True,False,3.5062,2,1,1,False,False,0.137142857,0.03911438508927043,Aegcau_call
461,True,False,5.0039,7,4,3,True,False,7.344761907,1.0,Denmaj_drum;Parate_call;Turmer_song;Unknown
462,True,False,5.0039,14,2,2,False,False,1.424761905,0.28473029137272926,Cetcet_song;Lusmeg_song
463,True,True,2.7051,0,0,0,False,False,0.0,0.0,
464,True,False,5.0039,9,2,2,False,False,1.632653061,0.32627611682887353,Embcir_call;Serser_song
465,True,False,5.0039,16,4,3,True,False,4.815238097,0.9622970277183797,Anttri_song;Parate_song;Siteur_song;Unknown
466,True,False,5.0039,4,3,2,True,False,3.859591837,0.7713167403425328,Gargla_call;Turmer_song;Unknown
467,True,False,3.245,19,3,3,False,False,1.658775509,0.5111788933744221,Parcae_call;Phofem_song;Sylatr_song
468,True,False,5.0039,18,2,2,False,False,4.271020409,0.8535383219089111,Prumod_song;Turphi_song
469,True,False,5.0039,5,2,2,False,False,4.749931973,0.9492459827334679,Galcri_call;Plaaff_song
470,True,False,3.8139,4,2,2,False,False,0.44117913799999997,0.11567664018458795,Embcir_call;Lusmeg_call
471,True,True,2.1885,0,0,0,False,False,0.0,0.0,
472,True,False,3.4946,11,2,2,False,False,2.189795918,0.6266227659818006,Cetcet_song;Oriori_song
473,True,False,5.0039,11,3,2,True,False,1.1929251699999999,0.2383990827154819,Parcae_call;Sylatr_call;Unknown
474,True,False,5.0039,28,1,1,False,False,3.275464851,0.6545823959311737,Galthe_song
475,True,False,5.0039,10,3,3,False,False,4.540952381,0.9074826397410021,Erirub_call;Prumod_song;Turmer_call
476,True,False,3.901,6,3,3,False,False,8.00888889,1.0,Cicorn_song;Lyrple_song;Motcin_call
477,True,True,5.0039,0,0,0,False,False,0.0,0.0,
478,True,False,3.303,7,2,2,False,False,1.282902493,0.38840523554344536,Cerbra_call;Picpic_call
479,True,False,5.0039,38,4,3,True,False,2.4291383210000004,0.48544901396910417,Denmaj_drum;Loxcur_call;Poepal_call;Unknown
480,True,False,4.2899,4,2,2,False,False,4.962539682,1.0,Jyntor_song;Serser_song
481,True,False,5.0039,10,2,2,False,False,1.897142857,0.3791328477787326,Lopcri_call;Siteur_song
482,True,False,3.8139,7,1,1,False,False,1.0536054419999998,0.276254081648706,Galthe_song
483,True,False,2.5136,9,1,1,False,False,0.624761905,0.24855263566199873,Carcar_call
484,True,False,5.0039,7,3,3,False,False,3.560634921,0.7115719580727033,Erirub_call;Prumod_song;Turmer_call
485,True,False,5.0039,16,4,3,True,False,3.0146031740000003,0.6024507232358761,Anttri_song;Fricoe_call;Phycol_song;Unknown
486,True,True,5.0039,0,0,0,False,False,0.0,0.0,
487,True,False,2.5194,2,1,1,False,False,0.878548753,0.3487134845598158,Ptehey_song
488,True,False,5.0039,28,1,1,False,False,1.400816327,0.2799449083714703,Sylund_song
489,True,False,4.0983,14,2,2,False,False,2.185714285,0.5333221787082448,Fricoe_song;Parcae_call
490,True,True,5.0039,0,0,0,False,False,0.0,0.0,
491,True,False,5.0039,8,3,3,False,False,0.832653061,0.16640081956074262,Parate_call;Pyrpyr_call;Siteur_song
492,True,True,5.0039,0,0,0,False,False,0.0,0.0,
493,True,False,5.0039,6,1,1,False,False,0.571428571,0.11419664082016028,Sylund_song
494,True,False,3.1405,35,4,3,True,False,5.781768708,1.0,Carcar_song;Cicatr_song;Picpic_call;Unknown
495,True,False,5.0039,7,1,1,False,False,0.336689342,0.06728538579907672,Carcan_song
496,True,False,5.0039,30,2,1,True,False,2.795102044,0.5585847127240753,Sylcan_song;Unknown
497,True,False,5.0039,5,1,1,False,False,0.904852609,0.18082947480964848,Galthe_song
498,True,True,5.0039,0,0,0,False,False,0.0,0.0,
499,True,True,5.0039,0,0,0,False,False,0.0,0.0,
500,True,False,5.0039,13,2,2,False,False,2.864761904,0.5725058262555207,Denmaj_call;Erirub_song
501,True,True,5.0039,0,0,0,False,False,0.0,0.0,
502,True,False,5.0039,19,3,2,True,False,2.897777779,0.5791038547932613,Poepal_song;Turphi_song;Unknown
503,True,False,5.0039,8,2,2,False,False,1.471428573,0.29405635064649577,Embcir_song;Stuvul_call
504,True,False,5.0039,5,3,3,False,False,1.6428117910000002,0.3283062793021444,Butbut_call;Regign_song;Turphi_call
505,True,True,5.0039,0,0,0,False,False,0.0,0.0,
506,True,False,5.0039,9,4,3,True,False,1.204081632,0.2406286360638702,Cerbra_call;Embcir_call;Siteur_song;Unknown
507,True,False,5.0039,3,1,1,False,False,0.212244898,0.04241589520174264,Chlchl_call
508,True,False,3.8487,23,1,1,False,False,1.1232653060000002,0.29185577103957183,Sylmel_song
509,True,False,5.0039,21,5,5,False,False,3.0548752820000002,0.6104988672835189,Colpal_song;Erirub_song;Pyrpyr_call;Regign_call;Regign_song
510,True,False,5.0039,1,1,1,False,False,0.022857143,0.00456786566478147,Turphi_call
511,True,True,1.9098,0,0,0,False,False,0.0,0.0,
512,True,False,3.8487,5,1,1,False,False,0.238004536,0.06184024112037831,Hirrus_call
513,True,True,5.0039,0,0,0,False,False,0.0,0.0,
514,True,False,1.2074,2,1,1,False,False,0.333786849,0.2764509267848269,Musstr_call
515,True,False,2.8967,12,1,1,False,False,1.648979593,0.5692614330099769,Serser_song
516,True,True,5.0039,0,0,0,False,False,0.0,0.0,
517,True,False,5.0039,11,1,1,False,False,0.39038548700000003,0.0780162447291113,Sylcan_call
518,True,False,2.5426,17,3,3,False,False,3.3785034030000003,1.0,Cisjun_song;Sylmel_song;Tibtom_song
519,True,False,5.0039,6,1,1,False,False,0.468027211,0.09353248686024901,Carcan_song
520,True,False,4.9575,2,2,2,False,False,5.15047619,1.0,Galcri_call;Plaaff_song
521,True,False,5.0039,5,2,1,True,False,0.478911564,0.09570766082455685,Carcan_song;Unknown
522,True,False,5.0039,1,1,1,False,False,2.583219955,0.5162413227682409,Plaaff_song
523,True,False,5.0039,10,1,1,False,False,0.568888888,0.11368910010192051,Sylmel_call
524,True,False,2.6471,4,3,3,False,False,5.388117914,1.0,Cicorn_song;Lyrple_song;Motcin_call
525,True,False,5.0039,1,1,1,False,False,0.130612245,0.02610208937029117,Phycol_call
526,True,True,5.0039,0,0,0,False,False,0.0,0.0,
527,True,False,5.0039,3,1,1,False,False,0.085623583,0.017111369731609347,Sylcan_call
528,True,False,2.5194,2,1,1,False,False,0.439727891,0.1745367512106057,Lusmeg_call
529,True,False,4.9342,2,1,1,False,False,0.446984127,0.09058897632848284,Sylund_call
530,True,False,4.4234,10,2,2,False,False,0.6836734710000001,0.1545583648324818,Lularb_song;Phofem_song
531,True,True,1.0913,0,0,0,False,False,0.0,0.0,
532,True,False,2.5252,13,3,2,True,False,3.7616326540000005,1.0,Sylmel_song;Tibtom_song;Unknown
533,True,False,5.0039,11,3,3,False,False,4.607709749,0.9208237073082995,Erirub_call;Prumod_song;Turmer_call
534,True,False,2.5658,9,3,2,True,False,1.5542857140000002,0.6057704084496065,Ptehey_song;Serser_call;Unknown
535,True,False,5.0039,8,4,3,True,False,2.2897959180000003,0.4576022538420033,Erirub_call;Parate_call;Prumod_song;Unknown
536,True,False,5.0039,8,2,2,False,False,1.351020409,0.26999348688023345,Parcae_call;Prumod_song
537,True,False,4.8065,3,1,1,False,False,0.394739229,0.08212612691147406,Stuvul_call
538,True,False,5.0039,3,1,1,False,False,0.41215419600000003,0.08236659325725934,Musstr_call
539,True,False,5.0039,28,2,2,False,False,3.5752380950000004,0.7144903165530887,Lularb_song;Strtur_song
540,True,False,2.5774,5,3,2,True,False,1.0129705210000002,0.39302029991464277,Aegcau_call;Pasdom_call;Unknown
541,True,False,2.7922,2,1,1,False,False,0.302040816,0.10817305923644438,Sylatr_song
542,True,False,5.0039,22,3,3,False,False,1.602040817,0.3201584398169428,Embcir_call;Fricoe_song;Lularb_song
543,True,False,5.0039,1,1,1,False,False,2.676099773,0.5348028084094406,Plaaff_song
544,True,False,2.8212,4,1,1,False,False,0.287346938,0.10185273571529845,Galthe_song
545,True,False,2.7922,4,2,1,True,False,0.64489796,0.2309640999928372,Aegcau_call;Unknown
546,True,True,1.0449,0,0,0,False,False,0.0,0.0,
547,True,False,2.5484,6,2,2,False,False,2.2494331080000003,0.8826844718254592,Jyntor_song;Turmer_call
548,True,False,2.9547,14,2,2,False,False,1.6081632659999998,0.544272943446035,Carcar_song;Oriori_song
549,True,False,5.0039,10,1,1,False,False,1.141043085,0.22803075301265013,Galcri_song
550,True,False,5.0039,13,3,3,False,False,10.588299319999999,1.0,Cicorn_song;Lyrple_song;Motcin_call
551,True,False,2.0201,3,1,1,False,False,0.368616779,0.18247452056828872,Petpet_song
552,True,True,5.0039,0,0,0,False,False,0.0,0.0,
553,False,False,5.0039,0,0,0,False,False,0.0,0.0,
554,True,False,3.9938,1,1,1,False,False,0.436825397,0.10937588186689369,Galthe_song
555,True,False,2.5774,5,3,3,False,False,1.092063492,0.42370741522464506,Cerbra_call;Corcor_call;Pasdom_call
556,True,False,5.0039,6,2,2,False,False,7.471746032,1.0,Galcri_call;Plasab_song
557,True,False,5.0039,4,1,1,False,False,0.8126984129999999,0.16241300045964147,Sylund_call
558,True,False,5.0039,8,2,2,False,False,1.440725624,0.28792054677351664,Embcir_song;Galcri_song
559,True,True,2.531,0,0,0,False,False,0.0,0.0,
560,True,False,5.0039,11,1,1,False,False,0.375873016,0.07511601271008614,Sylcan_call
561,True,False,1.4919,7,1,1,False,False,0.32217687100000003,0.21595071452510223,Sylatr_call
562,True,False,5.0039,3,1,1,False,False,0.212244898,0.04241589520174264,Lularb_song
563,True,False,2.8038,2,2,2,False,False,1.23356009,0.4399600863114345,Ptehey_song;Turmer_call
564,True,False,5.0039,21,1,1,False,False,3.1121995490000005,0.6219547850676473,Galthe_song
565,True,False,1.2016,1,1,1,False,False,1.201632653,1.0,Tetpyg_song
566,True,False,2.8735,1,1,1,False,False,0.412154195,0.14343281538193842,Oriori_call
567,True,False,3.1637,15,3,3,False,False,2.710929706,0.8568858317792458,Lusmeg_song;Sylatr_call;Turmer_call
568,False,False,5.0039,0,0,0,False,False,0.0,0.0,
569,True,True,1.5383,0,0,0,False,False,0.0,0.0,
570,True,False,5.0039,25,5,4,True,False,2.741224487,0.5478175996722557,Denmaj_call;Parate_song;Phycol_song;Siteur_song;Unknown
571,True,False,4.3479,2,1,1,False,False,0.069387755,0.015958912348490076,Phofem_song
572,True,True,2.5194,0,0,0,False,False,0.0,0.0,
573,True,False,5.0039,5,2,2,False,False,2.203718821,0.4404002520034373,Cerbra_song;Turmer_song
574,True,True,5.0039,0,0,0,False,False,0.0,0.0,
575,True,True,5.0039,0,0,0,False,False,0.0,0.0,
576,True,False,2.9663,5,1,1,False,False,0.581632653,0.19608018507905473,Aegcau_call
577,True,False,5.0039,8,2,2,False,False,1.315918366,0.2629785499310538,Petpet_call;Sylcan_song
578,True,True,5.0039,0,0,0,False,False,0.0,0.0,
579,True,False,5.0039,8,3,3,False,False,5.9051247159999996,1.0,Serser_call;Serser_song;Turphi_song
580,True,False,3.2798,10,2,2,False,False,0.6356462599999999,0.1938064089273736,Carcan_call;Picpic_call
581,True,False,4.0693,4,1,1,False,False,0.187210884,0.046005672720123854,Carcan_call
582,True,True,3.4249,0,0,0,False,False,0.0,0.0,
583,True,False,5.0039,23,2,2,False,False,3.641904763,0.7278132582585584,Alaarv_song;Phofem_song
584,True,False,5.0039,5,2,1,True,False,1.127619048,0.2253480381302584,Galcri_call;Unknown
585,True,False,2.5542,1,1,1,False,False,0.213333333,0.08352256401221518,Sylund_call
586,True,False,3.3088,20,2,2,False,False,1.7959183650000001,0.5427702988999032,Carcar_call;Pelgra_call
587,True,False,5.0039,6,3,3,False,False,2.391655328,0.4779582581586363,Butbut_call;Regign_call;Regign_song
588,False,False,5.0039,0,0,0,False,False,0.0,0.0,
589,True,False,2.5948,11,2,2,False,False,3.1346938780000007,1.0,Carcar_call;Lyrple_song
590,True,True,5.0039,0,0,0,False,False,0.0,0.0,
591,True,False,5.0039,19,3,2,True,False,1.7959183659999998,0.35890372829193223,Parcae_song;Parmaj_song;Unknown
592,True,False,2.769,5,2,1,True,False,0.934603175,0.33752371794871794,Stuvul_call;Unknown
593,True,False,5.0039,21,4,3,True,False,4.173061223,0.8339617544315435,Denmaj_drum;Parmaj_song;Trotro_song;Unknown
594,True,True,1.5383,0,0,0,False,False,0.0,0.0,
595,True,True,5.0039,0,0,0,False,False,0.0,0.0,
596,True,False,5.0039,2,1,1,False,False,0.051156463,0.010223318411638921,Turphi_call
597,True,False,5.0039,2,1,1,False,False,0.494693877,0.09886166330262396,Strtur_song
598,True,False,5.0039,11,3,3,False,False,4.01197279,0.8017691780411279,Erirub_call;Prumod_song;Turmer_call
599,True,False,2.56,10,3,2,True,False,1.34530612,0.525510203125,Lularb_song;Lusmeg_call;Unknown
600,True,False,4.8007,20,2,2,False,False,2.066575967,0.43047388235049056,Stuvul_call;Sylatr_song
601,True,False,1.3874,3,1,1,False,False,0.297142857,0.21417244990629955,Galcri_song
602,True,False,2.6355,4,1,1,False,False,0.40344671200000004,0.1530816588882565,Musstr_call
603,True,False,3.1521,4,1,1,False,False,0.387482993,0.12292852162050696,Galthe_song
604,True,False,2.56,4,1,1,False,False,0.9104761910000001,0.355654762109375,Alaarv_song
605,True,False,4.0403,2,1,1,False,False,0.062403628,0.015445295646362893,Sylcan_call
606,True,False,2.5658,10,3,3,False,False,3.4568707489999997,1.0,Cisjun_song;Pasdom_call;Tibtom_song
607,True,False,2.5368,3,3,3,False,False,5.124353741,1.0,Cicorn_song;Lyrple_song;Motcin_call
608,True,False,5.0039,2,1,1,False,False,0.447346939,0.08939965606826676,Petpet_call
609,True,False,5.0039,23,3,3,False,False,3.369206348,0.673316083055217,Erirub_song;Fricoe_song;Lopcri_call
610,True,False,5.0039,5,2,2,False,False,6.456598639,1.0,Galcri_call;Plasab_song
611,True,False,5.0039,7,3,2,True,False,5.375328800000001,1.0,Phofem_song;Tetpyg_song;Unknown
612,True,False,5.0039,20,2,2,False,False,1.9134693879999998,0.3823956090249605,Petpet_call;Sylcan_song
613,True,False,2.6587,9,4,3,True,False,0.412517007,0.15515741038853575,Carcan_call;Motcin_call;Phycol_call;Unknown
614,True,False,5.0039,11,1,1,False,False,0.702403629,0.14037123623573614,Sylmel_call
615,True,False,5.0039,24,4,3,True,False,3.416235828,0.682714648174424,Colpal_song;Fricoe_song;Sylatr_song;Unknown
616,True,True,5.0039,0,0,0,False,False,0.0,0.0,
617,True,True,5.0039,0,0,0,False,False,0.0,0.0,
618,True,False,5.0039,10,1,1,False,False,0.8799999999999999,0.17586282699494393,Sylund_song
619,True,False,2.8619,1,1,1,False,False,0.452789116,0.1582127663440372,Oriori_call
620,True,False,4.4408,1,1,1,False,False,0.191564626,0.04313741352909385,Petpet_song
621,True,False,4.0345,3,1,1,False,False,0.28154195,0.06978360391622257,Picpic_call
622,True,False,2.9373,1,1,1,False,False,0.417959184,0.14229366561127565,Oriori_call
623,True,False,4.7485,6,3,3,False,False,4.394376417,0.9254241164578288,Carcar_call;Ptehey_song;Serser_call
624,True,False,3.8487,5,3,3,False,False,7.8501587299999995,1.0,Chlchl_call;Lyrple_song;Plaaff_song
625,True,False,5.0039,35,3,2,True,False,1.612335601,0.3222157918823318,Carcan_call;Sylmel_call;Unknown
626,True,False,5.0039,13,2,2,False,False,2.285714285,0.45678656348048524,Lusmeg_call;Parmaj_call
627,True,True,5.0039,0,0,0,False,False,0.0,0.0,
628,True,False,5.0039,30,4,3,True,False,5.884807257,1.0,Regign_song;Trotro_song;Turphi_song;Unknown
629,True,False,2.5136,1,1,1,False,False,0.20462585,0.08140748329089752,Lusmeg_call
630,True,False,5.0039,4,1,1,False,False,0.748843537,0.14965197885649192,Petpet_call
631,True,False,5.0039,3,3,2,True,False,0.801088436,0.16009281480445253,Butbut_call;Hirrus_call;Unknown
632,True,True,2.9605,0,0,0,False,False,0.0,0.0,
633,True,False,5.0039,11,3,2,True,False,1.5042176869999997,0.30060906233138146,Parate_song;Phycol_call;Unknown
634,True,False,5.0039,11,2,1,True,False,1.867755103,0.37325987789524173,Carcan_song;Unknown
635,True,False,5.0039,4,2,2,False,False,5.679455782,1.0,Galcri_call;Plasab_song
636,True,False,5.0039,13,1,1,False,False,0.7820408160000001,0.15628625991726455,Sylund_song
637,True,False,5.0039,20,1,1,False,False,1.039092971,0.20765662203481286,Sylmel_song
638,True,False,5.0039,10,1,1,False,False,1.042721087,0.20838167968984195,Galthe_song
639,True,False,1.2481,4,2,2,False,False,1.354739229,1.0,Parmaj_call;Strdec_song
640,True,False,2.5194,5,1,1,False,False,0.40634920599999996,0.16128808684607443,Fricoe_call
641,True,True,5.0039,0,0,0,False,False,0.0,0.0,
642,True,False,5.0039,6,2,2,False,False,0.461496599,0.09222738244169548,Petpet_song;Sylcan_call
643,True,False,1.1378,2,2,2,False,False,0.24090703,0.21173055897345755,Cisjun_song;Pasdom_call
644,True,False,5.0039,13,1,1,False,False,1.9923809519999995,0.39816562121545185,Alaarv_song
645,True,False,5.0039,1,1,1,False,False,0.238730159,0.04770881892124143,Galcri_call
646,True,False,2.589,1,1,1,False,False,0.203174603,0.07847609231363462,Sylund_call
647,True,False,5.0039,13,1,1,False,False,1.095510204,0.21893127440596336,Sylund_song
648,True,False,5.0039,13,2,2,False,False,1.396099775,0.2790023331801195,Petpet_song;Sylcan_song
649,True,False,3.7907,10,1,1,False,False,0.822857145,0.21707261059962538,Cetcet_song
650,False,False,5.0039,0,0,0,False,False,0.0,0.0,
651,True,False,5.0039,15,3,2,True,False,1.7240816339999998,0.34454757968784344,Lularb_song;Phofem_song;Unknown
652,True,False,5.0039,9,1,1,False,False,0.239455782,0.04785383041227843,Sylcan_call
653,True,False,5.0039,7,2,2,False,False,0.355555556,0.07105568776354444,Phycol_call;Turphi_song
654,True,False,5.0039,16,4,3,True,False,2.371337869,0.4738979334119387,Petpet_song;Sylcan_call;Sylcan_song;Unknown
655,True,False,5.0039,20,2,2,False,False,0.9785034019999999,0.19554815284078417,Carcar_call;Motcin_call
656,True,False,5.0039,40,1,1,False,False,2.600634919,0.5197216009512581,Carcar_song
657,True,False,5.0039,2,1,1,False,False,0.557278911,0.11136891444673157,Oriori_call
658,True,False,5.0039,22,2,2,False,False,1.8938775490000002,0.3784802951697676,Petpet_call;Sylcan_song
659,True,False,5.0039,8,1,1,False,False,1.4802721079999999,0.29582367913027835,Petpet_call
660,True,False,5.0039,42,2,2,False,False,4.044081631000001,0.8081859411658908,Siteur_call;Trotro_song
661,True,True,1.3874,0,0,0,False,False,0.0,0.0,
662,True,False,3.1173,10,2,2,False,False,1.249523811,0.4008352776441151,Alaarv_song;Galcri_song
663,True,False,2.5542,6,3,3,False,False,3.1031746019999997,1.0,Lusmeg_call;Oriori_song;Ptehey_song
664,True,False,5.0039,17,1,1,False,False,1.2048979610000001,0.2407917746157997,Sylund_song
665,True,False,5.0039,5,4,4,False,False,4.617142857,0.9227088584903775,Embcir_song;Parate_call;Poepal_song;Turmer_song
666,False,False,2.589,0,0,0,False,False,0.0,0.0,
667,True,False,4.377,15,3,3,False,False,1.2165079360000002,0.27793190221612984,Cetcet_song;Lusmeg_call;Lusmeg_song
668,True,False,5.0039,4,1,1,False,False,0.391836735,0.07830626811087352,Aegcau_call
669,True,True,2.6122,0,0,0,False,False,0.0,0.0,
670,True,True,5.0039,0,0,0,False,False,0.0,0.0,
671,True,False,5.0039,15,1,1,False,False,1.1722448979999998,0.23426625192349962,Sylund_song
672,True,False,5.0039,2,1,1,False,False,0.215510204,0.04306844741101941,Pyrpyr_call
673,True,False,4.1041,26,3,2,True,False,1.7714285689999998,0.4316241244121732,Lularb_song;Picpic_call;Unknown
674,True,False,5.0039,8,2,2,False,False,2.212970523,0.44224915026279504,Embcir_call;Serser_song
675,True,False,5.0039,37,2,2,False,False,4.217324263,0.8428074627790324,Anttri_song;Parmaj_song
676,True,False,5.0039,11,3,3,False,False,1.9140136030000001,0.38250436719358905,Butbut_call;Pyrpyr_call;Regign_call
677,True,False,5.0039,15,2,2,False,False,2.1151927419999996,0.42270883550830346,Aegcau_call;Pasdom_call
678,True,False,5.0039,17,6,5,True,False,3.224671202,0.6444315837646636,Denmaj_drum;Parate_song;Parmaj_song;Phycol_song;Poepal_call;Unknown
679,True,False,2.5252,5,4,4,False,False,0.694421768,0.27499674006019326,Cerbra_call;Chlchl_call;Motcin_call;Regign_call
680,True,False,2.6587,22,2,2,False,False,2.59265306,0.9751581825704291,Lularb_song;Strtur_song
681,True,False,5.0039,9,4,4,False,False,5.108390022,1.0,Gargla_call;Siteur_song;Sylatr_call;Turmer_song
682,True,False,5.0039,20,1,1,False,False,1.8987755090000003,0.3794591236835269,Sylund_song
683,True,False,5.0039,20,3,3,False,False,2.5142857149999998,0.5024652201282999,Anttri_song;Parmaj_song;Phycol_song
684,True,False,3.1231,12,1,1,False,False,1.459863945,0.46744066632512565,Parcae_call
685,True,False,4.2376,5,3,2,True,False,2.110113379,0.497950108316028,Lusmeg_song;Turmer_call;Unknown
686,True,False,5.0039,7,3,3,False,False,5.0873469380000005,1.0,Jyntor_song;Pasdom_call;Serser_song
687,True,False,5.0039,19,3,2,True,False,2.3999999999999995,0.47962589180439247,Phycol_song;Poepal_call;Unknown
