label,n_events,total_duration_s,mean_duration_s,median_duration_s,std_duration_s,taxon,call_type,mean_spectral_centroid_hz,mean_rms,mean_zero_crossing_rate,mean_dominant_freq_hz
Sylcan_song,282,23.301950122,0.08263102880141844,0.068571429,0.05552241218044086,bird,song,5455.354020222895,0.0015878137390743007,0.24575936837344164,4321.462384235706
Unknown,282,47.969410433,0.17010429231560284,0.098684807,0.3422383870518871,Unknown,Unknown,4869.272109325948,0.0018838971756373368,0.23546757314136424,1898.921818873142
Sylmel_call,232,11.016916086,0.04748670726724138,0.031927438,0.061171183341190934,bird,call,4614.161920621457,0.0010458610221111,0.2274616494216798,5300.384816528172
Lularb_song,216,19.261315195,0.08917275553240742,0.081269841,0.04196169990028156,bird,song,1057.920864260223,0.0014904325483086353,0.07810510769883595,77.55279699739886
Sylund_song,214,14.723083899,0.06879945747196262,0.057142857,0.04320274006511248,bird,song,5782.307594890158,0.0005120502931716631,0.2392794410167799,2515.942445511265
Sylmel_song,188,13.256145127,0.07051141025,0.056598639500000006,0.049271577940310264,bird,song,3546.9694436638724,0.001103873351998959,0.19015935696691325,3172.575636127122
Carcar_song,173,14.723764175,0.08510846343930635,0.059501134,0.08394724001202239,bird,song,6097.995836366373,0.001646126253850059,0.3073493500331169,4741.643482998819
Alaarv_song,165,26.345714285,0.15967099566666668,0.119002268,0.16798564265013707,bird,song,3274.9614657198094,0.001174171941731957,0.1534705264394622,1431.1641908471336
Cetcet_song,145,20.914784583,0.14423989367586207,0.126984127,0.10094499527870447,bird,song,4815.322632747448,0.002081163952948312,0.21854204849838887,4376.767468971994
Galthe_song,138,16.724897956,0.12119491272463767,0.100136054,0.08029355351089235,bird,song,5632.766389974367,0.0005315823572771761,0.22724026880855402,2362.5938059401337
Parmaj_song,132,12.923809528,0.09790764793939394,0.1015873015,0.05633793100068192,bird,song,4549.195291539457,0.006488844068855105,0.22381565555267402,3161.023307111989
Trotro_song,124,17.862675742,0.14405383662903226,0.090249433,0.19511075947672585,bird,song,5725.186530390721,0.0019202647276727678,0.27119319061842734,5312.475999169046
Sylcan_call,124,3.857414961,0.03110818516935484,0.03047619,0.008047803642775537,bird,call,5380.2871520261715,0.001305237052516671,0.24358909023279302,3631.1210723348754
Parate_song,119,24.420770981,0.2052165628655462,0.110204082,0.33051787281092276,bird,song,4521.653994355913,0.017089865742928367,0.24113486052877328,2306.10170563877
Lusmeg_song,115,13.602086166,0.11827901013913043,0.081269841,0.14527859381185562,bird,song,2391.1840759571137,0.0024881570169681044,0.12714747951101613,1626.911686105963
Sylatr_call,110,4.953832201,0.04503483819090909,0.037732426,0.03532586073211696,bird,call,5251.817124255053,0.0007845145131183163,0.22731017956022342,3022.9383000185244
Anttri_song,109,12.935691609000001,0.11867606980733945,0.10122449,0.11070231589833046,bird,song,5391.885476809051,0.0031117532512910614,0.27879142871579543,3113.6870813237792
Carcan_song,105,9.238639453,0.0879870424095238,0.05877551,0.07160682763430457,bird,song,6297.861891181863,0.0006185589290377095,0.2383806590059967,2117.9911412543684
Carcar_call,103,5.493424035,0.05333421393203884,0.053061224,0.01855332136806186,bird,call,4325.6988982740195,0.0008861342398294864,0.21212369411428172,3254.8457739716996
Turphi_song,102,21.309841271,0.20892001246078432,0.15238095200000001,0.2498664950534679,bird,song,4566.589358813748,0.002056961537036348,0.2385272816064391,1341.1707030058878
Carcan_call,93,5.561904759,0.05980542751612903,0.046439909,0.07164328310757785,bird,call,2400.5048543655776,0.003958681191087396,0.12022118946990443,1400.5359650283297
Regign_song,90,19.317596373,0.2146399597,0.09687074849999999,0.326653200828339,bird,song,6194.893383421323,0.0020218321645976735,0.30333033127978337,5232.466376861274
Parcae_call,88,9.032743763,0.10264481548863635,0.08639455800000001,0.06526284960711222,bird,call,4229.448866949809,0.003261497280437626,0.2093527278588647,3858.2811210091318
Pasdom_call,88,13.327981854999999,0.15145433926136362,0.147664399,0.06928633698557855,bird,call,3463.6399450309254,0.0014309059550171295,0.18198085522698648,2552.4080215512577
Erirub_song,84,30.991655332,0.36894827776190475,0.3285714285,0.27083821068367636,bird,song,5562.733701898184,0.0028691149089608583,0.2859034116992899,5094.551127831684
Parcae_song,82,8.743854877,0.1066323765487805,0.10739229,0.025355173694693242,bird,song,5325.836039930322,0.0008893197684098476,0.24014926141361692,4694.73477266653
Motcin_call,81,5.344036284,0.0659757565925926,0.052244898,0.13021644374698002,bird,call,6218.41526797103,0.003957583969871709,0.27810666954444596,6166.989597961185
Loxcur_call,69,7.256961453,0.10517335439130435,0.064761905,0.19120599825623158,bird,call,4821.758052452828,0.002558961713891575,0.2559268761590493,3250.052003312428
Sylatr_song,65,6.889251704,0.10598848775384616,0.092879819,0.047847094841659735,bird,song,3860.924545233971,0.0017030590593319892,0.1884008142366505,1965.7085556973982
Embcir_song,64,11.212789119,0.175199829984375,0.042857143,0.3722588741351487,bird,song,2950.7763193205683,0.008222762540331725,0.17371186262411065,1507.8510966971508
Phycol_song,59,11.562902492,0.1959813981694915,0.177777778,0.1410662744731982,bird,song,5459.171255013809,0.0021009339234512067,0.2892032616213639,3692.071392745542
Galcri_song,58,8.554013605,0.14748299318965516,0.123809524,0.08331762901200611,bird,song,3123.3026174088345,0.002995460333007312,0.14879323735563596,2056.8263885743304
Fricoe_song,57,11.812879818999999,0.2072435055964912,0.1,0.2870950361583544,bird,song,4141.146466844292,0.0013546841402004735,0.20064183892011278,2069.5442107874783
Picpic_call,52,4.124081629,0.07930926209615384,0.052244898,0.09174167686602999,bird,call,4592.455838162085,0.0016942691814628653,0.23721348498220737,4278.782244529729
Lopcri_call,52,8.283310657,0.15929443571153845,0.097959184,0.1265954153450505,bird,call,5602.137561336093,0.002252310054951992,0.2504415155226644,2531.5808973345916
Erirub_call,49,3.001541952,0.06125595820408164,0.058049887,0.02968212426848818,bird,call,5762.824840739462,0.005066858893359341,0.2840718993997151,5228.450863131819
Turmer_call,48,19.463401362,0.40548752837499996,0.41396825400000004,0.21572868780528534,bird,call,6184.096327629616,0.005135794490287573,0.2809443625446661,5929.351200772432
Oriori_song,48,8.893696144,0.18528533633333333,0.174489796,0.11701252972142846,bird,song,3499.2033696752874,0.001387602780491027,0.1716201836843622,1666.0293735693201
Poepal_call,47,5.345419501,0.11373232980851064,0.089977324,0.08658004780358594,bird,call,6285.225013962876,0.0014671106875374957,0.3222056171591981,2325.3483673807846
Poepal_song,47,6.493242628,0.1381540984680851,0.100136054,0.1731855284972131,bird,song,3864.60098040737,0.002720627777365887,0.22492716268537205,1836.1430599586004
Petpet_song,46,8.634920636,0.187715666,0.197369615,0.06629742763707235,bird,song,6566.049575913685,0.0007869564111720522,0.27188849488951916,2182.81484512491
Petpet_call,45,10.003446711,0.22229881580000002,0.222040816,0.08714329836415614,bird,call,6188.885439232143,0.0005279247289446644,0.2526162147636012,3447.7975300853705
Serser_song,45,44.788208618,0.9952935248444444,0.935328798,0.8323439876154728,bird,song,5468.948754956995,0.0006542375649162001,0.21521210935426782,1296.552805270348
Prumod_song,44,22.855328795,0.5194392907954545,0.26857142850000004,0.5071390618315351,bird,song,5438.331571077949,0.004565759194092882,0.2721710316059393,4061.396139413871
Lusmeg_call,43,7.470340134,0.1737288403255814,0.154920635,0.09721367515593261,bird,call,3578.621871765358,0.001393444608104644,0.17209902484853368,3252.784448157098
Phofem_song,43,1.773560095,0.04124558360465116,0.03877551,0.011274264351738107,insect,song,2540.712553798089,0.002775486394324142,0.14676045252306846,744.3579168179608
Colpal_song,42,9.042448977,0.2152964042142857,0.1888435375,0.10632270061838989,bird,song,6107.825117881117,0.0018195030466363333,0.31949025195575,2145.5579890252707
Galcri_call,42,15.107482991,0.35970197597619047,0.370793651,0.1386310509846722,bird,call,5540.323365020046,0.0008651980276070689,0.21950366314344794,3797.987030965255
Parmaj_call,40,6.003015874,0.15007539685,0.09287981849999999,0.15405076758851824,bird,call,2268.1834005150145,0.0015490967519950626,0.13107977929431644,1749.7889169854857
Embcir_call,40,4.125804991,0.103145124775,0.08852607700000001,0.06606942395671649,bird,call,4990.879293042953,0.00066774497834518,0.19099692840970067,2635.2586008264125
Regign_call,34,5.568979591,0.16379351738235293,0.122267574,0.1836347029645347,bird,call,6496.0416488669725,0.001558960464416303,0.31637472870923977,5641.333925277979
Pelgra_call,34,7.752154196,0.2280045351764706,0.191564626,0.20253725964290453,amphibian,call,3190.730331859868,0.001064438617140659,0.17369150477030293,1952.518254927216
Aegcau_call,32,5.699818593,0.17811933103125,0.115918367,0.15681224271397454,bird,call,6396.6118275452045,0.0009238215453702063,0.2571699152866785,5675.3176964194145
Strdec_song,32,7.881904761,0.24630952378125,0.2278458045,0.12560929976273474,bird,song,2803.959729576579,0.0017432528020497468,0.1910050185011824,748.6503362073186
Siteur_song,32,19.684716556,0.615147392375,0.337414966,0.609032549593262,bird,song,4676.479576641882,0.002711299878918428,0.2518383831202206,996.090248493573
Strtur_song,31,16.605714287,0.5356682028064517,0.484716553,0.19491612149120802,bird,song,1232.6044957570252,0.0009161285763914743,0.09704162643964448,387.76075485854403
Parate_call,31,3.892970521,0.12557969422580645,0.119002268,0.06456886218329902,bird,call,5394.31562535759,0.0027989027876179546,0.28686341538955695,1738.623489342383
Cerbra_call,30,5.691065756,0.18970219186666668,0.177414966,0.04662138056106333,bird,call,5621.762741207849,0.00279769257426324,0.24981313018486562,5092.324161272037
Tetpyg_song,29,25.15882086,0.8675455468965517,0.307664399,1.3633400065291619,insect,song,1442.0978182585259,0.002502801507610424,0.1257000717544608,306.797448047628
Cisjun_song,28,2.968163267,0.10600583096428572,0.111746032,0.031058054095989378,bird,song,2961.640532291381,0.0024140649361682,0.15721878264725192,1346.5648309355406
Sylund_call,27,4.979229024,0.1844158897777778,0.217687075,0.09861618231407769,bird,call,5986.540309410532,0.0004375747324150667,0.2404356216091913,1129.7542171350424
Fricoe_call,25,2.2846258489999998,0.09138503395999999,0.08707483,0.04066842380074743,bird,call,5933.584249460482,0.0014140143753866,0.27731280128202185,2859.2764059011156
Denmaj_call,25,0.949478454,0.03797913816,0.032653061,0.014024963634292988,bird,call,5208.556109358396,0.002908993901996072,0.2633885398350241,4153.602981026326
Butbut_call,24,7.275419498,0.3031424790833333,0.272834467,0.1081136149786229,bird,call,5753.056880653963,0.0019019422198657667,0.2989112500827747,2389.9666612865244
Cerbra_song,24,6.496145124,0.2706727135,0.1676190475,0.2998069423403416,bird,song,2843.6301421987773,0.03393290459177737,0.17025337194185175,481.2649691611322
Pyrpyr_call,24,3.128163265,0.13034013604166667,0.1255328795,0.049595104217531986,bird,call,6141.622770585894,0.00151968545552835,0.3160723166191199,2003.2413719485664
Musstr_call,23,3.206530617,0.1394143746521739,0.150929705,0.04165191089601304,bird,call,4908.714666607002,0.0009973663136001217,0.2386952093230197,3562.4158664389834
Siteur_call,22,3.409886622,0.15499484645454545,0.1436734695,0.07073444677052768,bird,call,2961.831436427607,0.002573904421991859,0.17540143393262014,1777.2658294869675
Ptehey_song,22,25.962494329000002,1.1801133785909093,1.0565079365,0.7812981149638721,insect,song,4669.561214719379,0.0006398630056469409,0.22446081961586015,752.0536654596784
Denmaj_drum,22,7.180340134,0.326379097,0.029591836499999996,0.374497493375484,bird,drum,5124.038789199446,0.001695826387499341,0.2859006313815733,2514.8716817090785
Hirrus_call,21,1.2829024980000001,0.06109059514285715,0.049342404,0.03741264749173506,bird,call,895.6366541549069,0.0021793596545229763,0.07218581478862475,462.3898694726793
Jyntor_song,20,9.612335602,0.4806167801,0.114285714,0.6986111415335259,bird,song,6233.989251343391,0.00034527270666609,0.20411082553000334,2120.161964254369
Chlchl_call,20,6.364444445,0.31822222225,0.421587302,0.19819400922558,bird,call,4573.030295208338,0.0012483201593911,0.22515586110384272,3417.7408099794493
Serser_call,20,3.241541947,0.16207709735,0.040725624,0.16781203385155974,bird,call,5284.4493210151495,0.0008255227082187551,0.24257476934035777,4426.544646714471
Stuvul_call,19,2.910929707,0.15320682668421054,0.150929705,0.06686682212821743,bird,call,5428.904001889927,0.0019142191791050001,0.24084181649455585,4354.884245303434
Corcor_call,19,6.812879819,0.3585726220526316,0.409251701,0.1425442057084361,bird,call,4381.100452103568,0.002585522842730153,0.23081127319798966,2379.8109979957712
Turmer_song,18,12.995192744,0.7219551524444445,0.5877551025000001,0.5662635778775417,bird,song,2469.612208585826,0.004065287918455283,0.1563515041655604,305.48369395419525
Plaaff_song,16,41.187845806,2.574240362875,2.5861224490000003,1.6183775630757844,insect,song,7180.527693968581,0.0013615284811485688,0.2665431320706446,3477.095973966987
Oriori_call,16,6.051882087,0.3782426304375,0.401451247,0.12019469290880817,bird,call,2634.9168086404975,0.001787105988182075,0.14823022706058978,2129.789186388091
Galthe_call,15,2.94095238,0.196063492,0.152380952,0.10747217717944638,bird,call,5640.455087348136,0.0003611515338785333,0.1917471435524227,863.5765598191199
Gargla_call,15,7.869024944,0.5246016629333333,0.487619048,0.15369831577915513,bird,call,1433.863240595375,0.00488365395644402,0.12012033849042546,133.1520250635955
Lyrple_song,15,46.341224491,3.0894149660666668,2.594829932,1.1650253043240824,insect,song,3901.18576796099,0.0019527707964048535,0.20355362337949162,2578.0334035044066
Turphi_call,14,0.682811794,0.048772271,0.029387755,0.037144097577757516,bird,call,6402.490001658775,0.0006199844643186715,0.25831055817007037,4918.052197687422
Phycol_call,12,0.964172336,0.08034769466666666,0.074920635,0.022025212983898194,bird,call,5480.622869126218,0.0012613580481182,0.29488960690967575,989.1034985397376
Human,12,3.5907483,0.299229025,0.125714286,0.4772073931984132,Human,Human,3938.560899877893,0.0015497148838635665,0.17241892742690867,120.26280106902271
Tibtom_song,12,27.855963720000002,2.32133031,2.245442177,1.4286736986818054,insect,song,1119.0009578573956,0.001859151041884675,0.10455887740020009,60.31956725898997
Cicorn_song,11,29.933424037,2.7212203670000004,2.577414966,1.8878762774465285,insect,song,5296.831164434164,0.0020999227852084457,0.24896784109358172,4191.309241585767
Plasab_song,11,51.413333336,4.673939394181819,5.003900227,1.073732904278649,insect,song,4500.314469143733,0.000834173641802809,0.2107311025388818,2331.9136457909804
Cicatr_song,9,30.852063493,3.428007054777778,3.041814059,1.0005168998018905,insect,song,6613.149492753797,0.0019928121793091,0.3549901181757194,5831.431447228762
